,depth,subjnum,story,correct_response
0,1,0,0,1
1,1,0,2,1
2,1,0,3,0
3,1,0,4,0
4,1,0,5,1
5,1,0,6,1
6,1,0,7,0
7,1,0,10,1
8,1,0,11,1
9,1,0,12,1
10,1,0,13,1
11,1,0,15,1
12,1,0,16,1
13,1,0,17,1
14,1,0,18,1
15,1,0,19,1
16,1,0,21,1
17,1,0,23,0
18,1,0,26,1
19,1,0,27,1
20,1,0,28,1
21,1,0,29,1
22,1,0,30,1
23,1,0,31,1
24,1,0,32,1
25,1,0,33,1
26,1,0,34,1
27,1,0,36,1
28,1,0,37,1
29,1,0,38,1
30,1,0,39,1
31,1,0,40,1
32,1,0,41,0
33,1,0,42,0
34,1,0,43,0
35,1,0,44,0
36,1,0,45,0
37,1,0,46,0
38,1,0,47,0
39,1,0,48,1
40,1,0,49,0
41,1,0,50,1
42,1,0,51,0
43,1,0,52,0
44,1,0,53,0
45,1,0,54,0
46,1,0,55,0
47,1,0,56,1
48,1,0,57,1
49,1,0,58,1
50,1,0,59,1
51,1,0,60,0
52,1,0,61,1
53,1,0,62,1
54,1,0,63,1
55,1,0,64,1
56,1,0,68,0
57,1,0,71,0
58,1,0,72,1
59,1,0,73,1
60,1,0,75,0
61,1,0,76,1
62,1,0,78,0
63,1,0,79,1
64,1,0,80,1
65,1,0,81,1
66,1,0,82,0
67,1,0,84,1
68,1,0,87,1
69,1,0,88,1
70,1,0,89,1
71,1,0,91,0
72,1,0,93,1
73,1,0,94,1
74,1,0,95,1
75,1,0,97,0
76,1,0,98,1
77,1,0,99,1
78,1,0,100,1
79,1,0,102,1
80,1,0,103,1
81,1,0,104,1
82,1,0,105,0
83,1,0,106,1
84,1,0,107,1
85,1,0,109,1
86,1,0,110,0
87,1,0,112,1
88,1,0,113,1
89,1,0,114,1
90,1,0,115,0
91,1,0,116,1
92,1,0,117,0
93,1,0,118,1
94,1,0,119,1
95,1,0,120,0
96,1,0,121,1
97,1,0,123,1
98,1,0,124,0
99,1,0,125,1
100,1,0,127,1
101,1,0,130,1
102,1,0,132,0
103,1,0,134,0
104,1,0,135,1
105,1,0,136,0
106,1,0,137,1
107,1,0,138,1
108,1,0,139,1
109,1,0,140,0
110,1,0,141,1
111,1,0,143,1
112,1,0,145,0
113,1,0,146,1
114,1,0,147,1
115,1,0,148,0
116,1,0,149,1
117,1,0,150,0
118,1,0,151,0
119,1,0,152,0
120,1,0,153,1
121,1,0,154,0
122,1,0,155,1
123,1,0,158,0
124,1,0,159,0
125,1,0,160,0
126,1,0,162,1
127,1,0,163,1
128,1,0,165,1
129,1,0,167,1
130,1,0,168,1
131,1,0,170,0
132,1,0,171,1
133,1,0,174,1
134,1,0,177,1
135,1,0,178,1
136,1,0,179,1
137,1,0,180,1
138,1,0,181,1
139,1,0,183,1
140,1,0,184,1
141,1,0,185,1
142,1,0,186,0
143,1,0,187,0
144,1,0,188,0
145,1,0,189,0
146,1,0,190,1
147,1,0,192,0
148,1,0,193,1
149,1,0,194,1
150,1,0,195,1
151,1,0,196,1
152,1,0,197,0
153,1,0,198,1
154,1,1,2,0
155,1,1,3,0
156,1,1,4,1
157,1,1,5,0
158,1,1,7,1
159,1,1,8,1
160,1,1,9,1
161,1,1,10,1
162,1,1,11,0
163,1,1,13,1
164,1,1,14,1
165,1,1,15,1
166,1,1,16,1
167,1,1,18,1
168,1,1,19,1
169,1,1,20,1
170,1,1,21,1
171,1,1,22,1
172,1,1,23,1
173,1,1,24,1
174,1,1,25,1
175,1,1,26,1
176,1,1,27,1
177,1,1,29,1
178,1,1,31,1
179,1,1,32,1
180,1,1,33,1
181,1,1,35,1
182,1,1,36,1
183,1,1,37,1
184,1,1,38,1
185,1,1,40,0
186,1,1,42,0
187,1,1,43,0
188,1,1,44,1
189,1,1,46,1
190,1,1,47,1
191,1,1,49,1
192,1,1,51,1
193,1,1,52,1
194,1,1,54,1
195,1,1,55,1
196,1,1,56,1
197,1,1,59,1
198,1,1,61,1
199,1,1,62,1
200,1,1,64,1
201,1,1,65,1
202,1,1,67,1
203,1,1,69,1
204,1,1,70,1
205,1,1,72,1
206,1,1,73,1
207,1,1,74,1
208,1,1,75,1
209,1,1,77,1
210,1,1,78,1
211,1,1,80,1
212,1,1,82,1
213,1,1,85,1
214,1,1,87,1
215,1,1,88,1
216,1,1,89,1
217,1,1,90,1
218,1,1,91,0
219,1,1,93,1
220,1,1,94,0
221,1,1,95,1
222,1,1,96,1
223,1,1,98,1
224,1,1,99,1
225,1,1,100,1
226,1,1,101,1
227,1,1,102,1
228,1,1,103,1
229,1,1,104,1
230,1,1,105,1
231,1,1,106,1
232,1,1,107,1
233,1,1,108,1
234,1,1,109,1
235,1,1,110,1
236,1,1,111,1
237,1,1,112,1
238,1,1,113,1
239,1,1,114,1
240,1,1,115,1
241,1,1,116,0
242,1,1,117,1
243,1,1,118,0
244,1,1,119,1
245,1,1,120,1
246,1,1,122,1
247,1,1,123,1
248,1,1,124,1
249,1,1,126,1
250,1,1,128,1
251,1,1,129,1
252,1,1,131,1
253,1,1,132,1
254,1,1,133,1
255,1,1,134,1
256,1,1,135,1
257,1,1,136,1
258,1,1,139,1
259,1,1,140,1
260,1,1,141,1
261,1,1,142,1
262,1,1,144,1
263,1,1,145,1
264,1,1,146,1
265,1,1,147,1
266,1,1,148,1
267,1,1,149,1
268,1,1,150,1
269,1,1,151,1
270,1,1,152,1
271,1,1,153,1
272,1,1,154,1
273,1,1,155,1
274,1,1,156,1
275,1,1,157,1
276,1,1,158,1
277,1,1,159,1
278,1,1,161,1
279,1,1,162,1
280,1,1,163,1
281,1,1,165,1
282,1,1,166,0
283,1,1,167,1
284,1,1,170,1
285,1,1,172,1
286,1,1,173,1
287,1,1,174,1
288,1,1,175,1
289,1,1,178,1
290,1,1,179,1
291,1,1,180,1
292,1,1,181,0
293,1,1,183,1
294,1,1,184,0
295,1,1,185,1
296,1,1,187,1
297,1,1,188,1
298,1,1,189,1
299,1,1,190,1
300,1,1,191,0
301,1,1,192,0
302,1,1,193,1
303,1,1,194,1
304,1,1,195,1
305,1,1,196,1
306,1,1,197,1
307,1,1,198,1
308,1,2,0,0
309,1,2,2,1
310,1,2,3,1
311,1,2,4,1
312,1,2,5,1
313,1,2,8,1
314,1,2,12,1
315,1,2,15,1
316,1,2,17,1
317,1,2,19,1
318,1,2,21,1
319,1,2,22,1
320,1,2,23,1
321,1,2,25,1
322,1,2,26,1
323,1,2,27,1
324,1,2,29,1
325,1,2,32,1
326,1,2,33,1
327,1,2,34,1
328,1,2,35,1
329,1,2,37,1
330,1,2,38,1
331,1,2,39,1
332,1,2,40,0
333,1,2,41,1
334,1,2,43,1
335,1,2,44,1
336,1,2,45,1
337,1,2,46,1
338,1,2,47,1
339,1,2,48,1
340,1,2,49,1
341,1,2,50,1
342,1,2,51,1
343,1,2,52,1
344,1,2,54,1
345,1,2,55,1
346,1,2,56,1
347,1,2,57,1
348,1,2,58,1
349,1,2,59,1
350,1,2,60,1
351,1,2,61,1
352,1,2,62,1
353,1,2,63,1
354,1,2,66,1
355,1,2,67,1
356,1,2,68,1
357,1,2,69,1
358,1,2,70,1
359,1,2,74,1
360,1,2,76,1
361,1,2,77,1
362,1,2,78,1
363,1,2,79,1
364,1,2,80,1
365,1,2,81,1
366,1,2,82,1
367,1,2,84,1
368,1,2,85,0
369,1,2,86,1
370,1,2,88,1
371,1,2,89,1
372,1,2,92,1
373,1,2,93,1
374,1,2,94,1
375,1,2,95,1
376,1,2,96,1
377,1,2,97,1
378,1,2,98,1
379,1,2,99,1
380,1,2,100,1
381,1,2,102,1
382,1,2,103,1
383,1,2,104,1
384,1,2,105,1
385,1,2,107,0
386,1,2,108,0
387,1,2,110,1
388,1,2,111,1
389,1,2,112,1
390,1,2,113,1
391,1,2,114,1
392,1,2,115,1
393,1,2,119,1
394,1,2,120,1
395,1,2,121,1
396,1,2,122,1
397,1,2,123,1
398,1,2,125,1
399,1,2,127,1
400,1,2,131,1
401,1,2,132,1
402,1,2,133,1
403,1,2,135,1
404,1,2,136,1
405,1,2,137,1
406,1,2,138,1
407,1,2,140,1
408,1,2,144,1
409,1,2,145,1
410,1,2,147,1
411,1,2,148,1
412,1,2,149,1
413,1,2,150,1
414,1,2,151,1
415,1,2,152,1
416,1,2,153,1
417,1,2,154,1
418,1,2,155,1
419,1,2,156,1
420,1,2,158,1
421,1,2,159,1
422,1,2,162,1
423,1,2,163,1
424,1,2,164,1
425,1,2,165,1
426,1,2,166,1
427,1,2,167,1
428,1,2,168,1
429,1,2,169,1
430,1,2,170,1
431,1,2,172,1
432,1,2,173,1
433,1,2,175,1
434,1,2,177,1
435,1,2,178,1
436,1,2,179,1
437,1,2,180,1
438,1,2,183,1
439,1,2,184,1
440,1,2,185,1
441,1,2,186,1
442,1,2,187,1
443,1,2,189,1
444,1,2,190,1
445,1,2,193,1
446,1,2,197,1
447,1,2,198,1
448,1,2,199,1
449,1,3,0,1
450,1,3,2,0
451,1,3,3,1
452,1,3,4,1
453,1,3,6,0
454,1,3,7,1
455,1,3,8,0
456,1,3,10,0
457,1,3,11,1
458,1,3,13,1
459,1,3,14,0
460,1,3,15,1
461,1,3,16,1
462,1,3,17,1
463,1,3,18,1
464,1,3,20,1
465,1,3,21,1
466,1,3,23,1
467,1,3,24,1
468,1,3,25,1
469,1,3,26,1
470,1,3,27,1
471,1,3,28,1
472,1,3,29,1
473,1,3,30,1
474,1,3,31,1
475,1,3,32,1
476,1,3,33,1
477,1,3,34,1
478,1,3,36,1
479,1,3,37,1
480,1,3,38,1
481,1,3,39,1
482,1,3,40,0
483,1,3,41,0
484,1,3,44,1
485,1,3,48,1
486,1,3,49,1
487,1,3,50,1
488,1,3,53,1
489,1,3,54,1
490,1,3,55,1
491,1,3,56,1
492,1,3,57,1
493,1,3,58,1
494,1,3,59,1
495,1,3,60,1
496,1,3,61,1
497,1,3,62,1
498,1,3,64,1
499,1,3,65,1
500,1,3,67,1
501,1,3,68,1
502,1,3,69,1
503,1,3,71,1
504,1,3,72,1
505,1,3,73,1
506,1,3,74,1
507,1,3,75,1
508,1,3,76,1
509,1,3,77,1
510,1,3,78,1
511,1,3,80,1
512,1,3,81,1
513,1,3,82,0
514,1,3,83,1
515,1,3,84,1
516,1,3,87,1
517,1,3,88,1
518,1,3,89,1
519,1,3,90,0
520,1,3,91,1
521,1,3,92,1
522,1,3,93,0
523,1,3,94,1
524,1,3,95,1
525,1,3,96,1
526,1,3,97,1
527,1,3,98,1
528,1,3,99,1
529,1,3,100,0
530,1,3,101,1
531,1,3,102,1
532,1,3,104,1
533,1,3,105,1
534,1,3,106,1
535,1,3,108,1
536,1,3,109,1
537,1,3,110,1
538,1,3,112,1
539,1,3,114,1
540,1,3,115,1
541,1,3,116,0
542,1,3,117,1
543,1,3,118,1
544,1,3,119,1
545,1,3,121,1
546,1,3,122,1
547,1,3,123,1
548,1,3,125,1
549,1,3,126,1
550,1,3,128,1
551,1,3,130,1
552,1,3,131,1
553,1,3,132,1
554,1,3,133,0
555,1,3,134,1
556,1,3,137,1
557,1,3,138,1
558,1,3,142,1
559,1,3,144,1
560,1,3,149,0
561,1,3,150,1
562,1,3,151,1
563,1,3,152,1
564,1,3,153,1
565,1,3,155,0
566,1,3,156,1
567,1,3,157,1
568,1,3,158,1
569,1,3,159,1
570,1,3,161,0
571,1,3,162,1
572,1,3,163,1
573,1,3,166,1
574,1,3,167,1
575,1,3,168,1
576,1,3,169,1
577,1,3,170,1
578,1,3,171,1
579,1,3,172,1
580,1,3,173,1
581,1,3,174,1
582,1,3,175,1
583,1,3,176,1
584,1,3,177,1
585,1,3,181,1
586,1,3,184,1
587,1,3,185,1
588,1,3,186,1
589,1,3,187,1
590,1,3,188,0
591,1,3,189,1
592,1,3,190,1
593,1,3,191,1
594,1,3,192,1
595,1,3,194,1
596,1,3,196,1
597,1,3,197,1
598,1,3,199,1
599,1,4,0,1
600,1,4,1,1
601,1,4,2,1
602,1,4,6,1
603,1,4,8,1
604,1,4,10,1
605,1,4,12,1
606,1,4,13,1
607,1,4,17,1
608,1,4,18,1
609,1,4,22,1
610,1,4,23,1
611,1,4,24,1
612,1,4,25,1
613,1,4,26,1
614,1,4,28,1
615,1,4,30,1
616,1,4,33,1
617,1,4,35,1
618,1,4,38,1
619,1,4,39,1
620,1,4,40,0
621,1,4,41,1
622,1,4,42,1
623,1,4,44,1
624,1,4,45,1
625,1,4,47,1
626,1,4,48,1
627,1,4,49,1
628,1,4,50,1
629,1,4,54,1
630,1,4,57,1
631,1,4,58,1
632,1,4,59,1
633,1,4,60,1
634,1,4,61,1
635,1,4,62,1
636,1,4,63,1
637,1,4,64,1
638,1,4,65,1
639,1,4,66,1
640,1,4,67,1
641,1,4,68,1
642,1,4,69,1
643,1,4,71,1
644,1,4,72,1
645,1,4,73,1
646,1,4,74,1
647,1,4,75,1
648,1,4,76,1
649,1,4,78,1
650,1,4,79,1
651,1,4,80,1
652,1,4,81,0
653,1,4,82,1
654,1,4,83,1
655,1,4,84,1
656,1,4,86,1
657,1,4,87,1
658,1,4,88,1
659,1,4,89,1
660,1,4,90,1
661,1,4,91,1
662,1,4,92,1
663,1,4,93,1
664,1,4,94,1
665,1,4,95,1
666,1,4,96,1
667,1,4,97,1
668,1,4,98,1
669,1,4,101,1
670,1,4,102,1
671,1,4,103,1
672,1,4,104,1
673,1,4,105,1
674,1,4,106,1
675,1,4,107,1
676,1,4,108,1
677,1,4,110,1
678,1,4,111,1
679,1,4,112,1
680,1,4,113,1
681,1,4,114,1
682,1,4,115,1
683,1,4,119,1
684,1,4,120,1
685,1,4,121,0
686,1,4,122,1
687,1,4,123,1
688,1,4,126,1
689,1,4,127,1
690,1,4,128,1
691,1,4,129,1
692,1,4,130,1
693,1,4,131,1
694,1,4,132,1
695,1,4,133,1
696,1,4,134,1
697,1,4,137,1
698,1,4,138,1
699,1,4,139,1
700,1,4,140,1
701,1,4,141,1
702,1,4,142,1
703,1,4,143,1
704,1,4,144,1
705,1,4,145,1
706,1,4,147,1
707,1,4,148,1
708,1,4,149,1
709,1,4,150,1
710,1,4,152,1
711,1,4,153,1
712,1,4,154,1
713,1,4,155,1
714,1,4,156,1
715,1,4,157,1
716,1,4,158,1
717,1,4,159,1
718,1,4,160,1
719,1,4,161,1
720,1,4,162,1
721,1,4,165,1
722,1,4,166,1
723,1,4,167,1
724,1,4,168,1
725,1,4,169,0
726,1,4,171,1
727,1,4,173,1
728,1,4,174,1
729,1,4,176,1
730,1,4,179,1
731,1,4,181,1
732,1,4,182,1
733,1,4,187,0
734,1,4,190,1
735,1,4,191,1
736,1,4,193,1
737,1,4,194,1
738,1,4,195,1
739,1,4,196,1
740,1,4,197,1
741,1,4,198,1
742,1,5,0,0
743,1,5,1,1
744,1,5,3,0
745,1,5,4,0
746,1,5,5,0
747,1,5,10,0
748,1,5,11,1
749,1,5,12,0
750,1,5,13,1
751,1,5,14,1
752,1,5,15,1
753,1,5,16,0
754,1,5,18,1
755,1,5,20,1
756,1,5,21,1
757,1,5,22,1
758,1,5,23,1
759,1,5,24,1
760,1,5,26,1
761,1,5,27,0
762,1,5,28,0
763,1,5,29,1
764,1,5,30,1
765,1,5,31,1
766,1,5,32,1
767,1,5,33,0
768,1,5,34,0
769,1,5,35,0
770,1,5,36,0
771,1,5,37,1
772,1,5,38,1
773,1,5,41,0
774,1,5,42,1
775,1,5,43,1
776,1,5,44,1
777,1,5,45,0
778,1,5,47,1
779,1,5,48,1
780,1,5,49,1
781,1,5,51,1
782,1,5,52,1
783,1,5,54,1
784,1,5,55,1
785,1,5,56,1
786,1,5,57,1
787,1,5,59,1
788,1,5,60,1
789,1,5,61,1
790,1,5,62,1
791,1,5,63,1
792,1,5,65,1
793,1,5,67,1
794,1,5,68,1
795,1,5,69,1
796,1,5,70,1
797,1,5,71,1
798,1,5,73,1
799,1,5,74,1
800,1,5,75,1
801,1,5,76,1
802,1,5,77,1
803,1,5,78,1
804,1,5,79,1
805,1,5,80,0
806,1,5,81,1
807,1,5,82,1
808,1,5,83,1
809,1,5,84,1
810,1,5,85,1
811,1,5,88,1
812,1,5,89,1
813,1,5,90,1
814,1,5,92,1
815,1,5,94,1
816,1,5,97,1
817,1,5,100,1
818,1,5,101,1
819,1,5,104,1
820,1,5,107,1
821,1,5,108,1
822,1,5,109,1
823,1,5,110,1
824,1,5,111,1
825,1,5,112,1
826,1,5,113,1
827,1,5,114,1
828,1,5,115,1
829,1,5,116,1
830,1,5,118,1
831,1,5,119,1
832,1,5,123,1
833,1,5,124,1
834,1,5,126,1
835,1,5,128,1
836,1,5,129,1
837,1,5,133,1
838,1,5,134,1
839,1,5,135,1
840,1,5,137,1
841,1,5,140,1
842,1,5,143,1
843,1,5,144,1
844,1,5,145,1
845,1,5,146,1
846,1,5,147,1
847,1,5,150,1
848,1,5,151,1
849,1,5,154,1
850,1,5,155,1
851,1,5,156,1
852,1,5,158,1
853,1,5,160,1
854,1,5,164,1
855,1,5,165,1
856,1,5,166,1
857,1,5,167,1
858,1,5,170,1
859,1,5,171,1
860,1,5,172,1
861,1,5,174,1
862,1,5,175,1
863,1,5,177,1
864,1,5,178,1
865,1,5,179,1
866,1,5,180,1
867,1,5,181,1
868,1,5,182,1
869,1,5,183,1
870,1,5,184,1
871,1,5,185,1
872,1,5,186,1
873,1,5,188,1
874,1,5,189,1
875,1,5,191,1
876,1,5,193,1
877,1,5,194,1
878,1,5,195,1
879,1,5,196,1
880,1,5,197,1
881,1,7,0,1
882,1,7,1,1
883,1,7,2,0
884,1,7,3,1
885,1,7,4,1
886,1,7,6,1
887,1,7,7,1
888,1,7,9,1
889,1,7,10,1
890,1,7,11,1
891,1,7,12,1
892,1,7,13,1
893,1,7,15,1
894,1,7,18,1
895,1,7,20,1
896,1,7,22,1
897,1,7,23,1
898,1,7,24,1
899,1,7,25,1
900,1,7,27,1
901,1,7,28,1
902,1,7,29,1
903,1,7,30,1
904,1,7,31,1
905,1,7,32,1
906,1,7,33,1
907,1,7,34,1
908,1,7,35,1
909,1,7,36,1
910,1,7,37,1
911,1,7,38,1
912,1,7,39,1
913,1,7,40,0
914,1,7,41,0
915,1,7,42,0
916,1,7,43,0
917,1,7,44,0
918,1,7,46,1
919,1,7,49,1
920,1,7,51,1
921,1,7,53,0
922,1,7,54,1
923,1,7,55,0
924,1,7,56,1
925,1,7,57,0
926,1,7,58,1
927,1,7,59,1
928,1,7,61,1
929,1,7,62,1
930,1,7,63,1
931,1,7,64,0
932,1,7,66,1
933,1,7,67,1
934,1,7,68,1
935,1,7,69,1
936,1,7,72,1
937,1,7,74,0
938,1,7,75,1
939,1,7,76,1
940,1,7,77,1
941,1,7,79,1
942,1,7,80,1
943,1,7,82,1
944,1,7,83,1
945,1,7,84,1
946,1,7,85,1
947,1,7,87,1
948,1,7,88,1
949,1,7,90,1
950,1,7,91,1
951,1,7,92,1
952,1,7,93,1
953,1,7,94,1
954,1,7,96,1
955,1,7,98,1
956,1,7,99,1
957,1,7,102,1
958,1,7,103,1
959,1,7,105,1
960,1,7,106,1
961,1,7,108,1
962,1,7,109,1
963,1,7,110,1
964,1,7,111,1
965,1,7,112,1
966,1,7,113,1
967,1,7,115,1
968,1,7,116,1
969,1,7,117,1
970,1,7,119,1
971,1,7,122,1
972,1,7,123,1
973,1,7,125,1
974,1,7,126,1
975,1,7,127,1
976,1,7,128,1
977,1,7,129,1
978,1,7,130,1
979,1,7,132,1
980,1,7,133,1
981,1,7,134,1
982,1,7,135,1
983,1,7,136,1
984,1,7,139,1
985,1,7,140,1
986,1,7,144,1
987,1,7,145,1
988,1,7,151,1
989,1,7,152,1
990,1,7,153,1
991,1,7,155,1
992,1,7,156,1
993,1,7,157,1
994,1,7,158,1
995,1,7,159,0
996,1,7,160,1
997,1,7,161,1
998,1,7,162,1
999,1,7,164,1
1000,1,7,165,1
1001,1,7,166,1
1002,1,7,167,1
1003,1,7,168,1
1004,1,7,169,1
1005,1,7,170,1
1006,1,7,171,1
1007,1,7,172,1
1008,1,7,173,1
1009,1,7,174,0
1010,1,7,175,1
1011,1,7,176,1
1012,1,7,177,1
1013,1,7,178,1
1014,1,7,179,1
1015,1,7,182,1
1016,1,7,183,1
1017,1,7,185,1
1018,1,7,187,1
1019,1,7,188,1
1020,1,7,189,1
1021,1,7,191,1
1022,1,7,192,1
1023,1,7,193,1
1024,1,7,196,1
1025,1,7,197,1
1026,1,7,198,1
1027,1,8,0,0
1028,1,8,1,1
1029,1,8,3,0
1030,1,8,4,1
1031,1,8,5,1
1032,1,8,6,0
1033,1,8,7,1
1034,1,8,8,1
1035,1,8,10,1
1036,1,8,12,1
1037,1,8,13,1
1038,1,8,14,1
1039,1,8,15,1
1040,1,8,16,1
1041,1,8,17,1
1042,1,8,18,1
1043,1,8,19,1
1044,1,8,20,1
1045,1,8,21,1
1046,1,8,22,1
1047,1,8,24,1
1048,1,8,26,1
1049,1,8,29,1
1050,1,8,30,1
1051,1,8,33,1
1052,1,8,35,1
1053,1,8,36,1
1054,1,8,37,1
1055,1,8,38,1
1056,1,8,39,1
1057,1,8,40,0
1058,1,8,42,1
1059,1,8,43,1
1060,1,8,45,1
1061,1,8,46,1
1062,1,8,47,1
1063,1,8,48,1
1064,1,8,49,1
1065,1,8,50,1
1066,1,8,51,1
1067,1,8,52,1
1068,1,8,53,1
1069,1,8,56,1
1070,1,8,57,1
1071,1,8,58,1
1072,1,8,61,1
1073,1,8,62,1
1074,1,8,63,1
1075,1,8,65,1
1076,1,8,66,1
1077,1,8,68,1
1078,1,8,69,1
1079,1,8,71,1
1080,1,8,73,1
1081,1,8,74,1
1082,1,8,78,1
1083,1,8,79,1
1084,1,8,80,1
1085,1,8,81,1
1086,1,8,82,1
1087,1,8,84,1
1088,1,8,85,1
1089,1,8,87,0
1090,1,8,88,0
1091,1,8,89,0
1092,1,8,90,1
1093,1,8,91,1
1094,1,8,92,1
1095,1,8,94,1
1096,1,8,95,1
1097,1,8,96,1
1098,1,8,98,1
1099,1,8,100,1
1100,1,8,101,1
1101,1,8,103,1
1102,1,8,104,0
1103,1,8,105,1
1104,1,8,108,1
1105,1,8,109,1
1106,1,8,112,1
1107,1,8,113,0
1108,1,8,114,0
1109,1,8,115,1
1110,1,8,116,1
1111,1,8,117,1
1112,1,8,118,1
1113,1,8,119,1
1114,1,8,120,1
1115,1,8,121,1
1116,1,8,122,1
1117,1,8,124,1
1118,1,8,125,1
1119,1,8,126,1
1120,1,8,128,1
1121,1,8,129,1
1122,1,8,130,1
1123,1,8,131,1
1124,1,8,133,1
1125,1,8,134,1
1126,1,8,135,1
1127,1,8,136,1
1128,1,8,138,1
1129,1,8,139,1
1130,1,8,140,1
1131,1,8,141,1
1132,1,8,142,1
1133,1,8,143,1
1134,1,8,145,0
1135,1,8,146,1
1136,1,8,147,1
1137,1,8,148,1
1138,1,8,149,1
1139,1,8,152,1
1140,1,8,153,1
1141,1,8,154,1
1142,1,8,155,0
1143,1,8,156,1
1144,1,8,157,1
1145,1,8,159,1
1146,1,8,161,1
1147,1,8,162,1
1148,1,8,163,1
1149,1,8,164,1
1150,1,8,166,1
1151,1,8,167,1
1152,1,8,168,1
1153,1,8,169,1
1154,1,8,170,1
1155,1,8,171,1
1156,1,8,173,1
1157,1,8,174,1
1158,1,8,175,1
1159,1,8,176,1
1160,1,8,177,1
1161,1,8,179,1
1162,1,8,181,1
1163,1,8,182,1
1164,1,8,183,1
1165,1,8,184,1
1166,1,8,186,1
1167,1,8,187,1
1168,1,8,188,1
1169,1,8,189,1
1170,1,8,191,1
1171,1,8,192,1
1172,1,8,193,1
1173,1,8,194,1
1174,1,8,195,1
1175,1,8,196,1
1176,1,8,197,1
1177,1,8,198,1
1178,1,8,199,1
1179,1,9,0,0
1180,1,9,1,1
1181,1,9,2,0
1182,1,9,3,0
1183,1,9,4,1
1184,1,9,5,0
1185,1,9,6,0
1186,1,9,7,1
1187,1,9,9,1
1188,1,9,10,1
1189,1,9,12,1
1190,1,9,13,1
1191,1,9,14,0
1192,1,9,15,1
1193,1,9,16,1
1194,1,9,17,1
1195,1,9,18,1
1196,1,9,19,1
1197,1,9,20,1
1198,1,9,22,1
1199,1,9,23,1
1200,1,9,24,1
1201,1,9,25,1
1202,1,9,26,1
1203,1,9,28,1
1204,1,9,30,1
1205,1,9,32,1
1206,1,9,33,1
1207,1,9,36,1
1208,1,9,37,1
1209,1,9,38,1
1210,1,9,39,1
1211,1,9,41,0
1212,1,9,42,1
1213,1,9,44,1
1214,1,9,45,1
1215,1,9,46,1
1216,1,9,47,1
1217,1,9,49,0
1218,1,9,50,1
1219,1,9,52,1
1220,1,9,53,1
1221,1,9,54,1
1222,1,9,55,1
1223,1,9,56,1
1224,1,9,57,1
1225,1,9,58,0
1226,1,9,59,1
1227,1,9,61,1
1228,1,9,62,1
1229,1,9,63,1
1230,1,9,64,0
1231,1,9,65,0
1232,1,9,68,0
1233,1,9,69,1
1234,1,9,70,1
1235,1,9,72,1
1236,1,9,74,1
1237,1,9,75,1
1238,1,9,77,1
1239,1,9,78,1
1240,1,9,80,0
1241,1,9,82,1
1242,1,9,84,0
1243,1,9,85,1
1244,1,9,86,1
1245,1,9,87,0
1246,1,9,88,0
1247,1,9,89,1
1248,1,9,90,1
1249,1,9,91,0
1250,1,9,95,0
1251,1,9,96,1
1252,1,9,97,0
1253,1,9,99,1
1254,1,9,100,1
1255,1,9,101,0
1256,1,9,102,0
1257,1,9,103,1
1258,1,9,104,0
1259,1,9,105,0
1260,1,9,106,1
1261,1,9,107,0
1262,1,9,110,1
1263,1,9,111,0
1264,1,9,113,0
1265,1,9,114,0
1266,1,9,116,1
1267,1,9,119,1
1268,1,9,120,0
1269,1,9,121,1
1270,1,9,124,1
1271,1,9,125,1
1272,1,9,126,0
1273,1,9,127,0
1274,1,9,128,1
1275,1,9,129,1
1276,1,9,130,0
1277,1,9,131,0
1278,1,9,132,1
1279,1,9,133,1
1280,1,9,136,0
1281,1,9,137,0
1282,1,9,138,1
1283,1,9,139,1
1284,1,9,140,0
1285,1,9,141,1
1286,1,9,142,1
1287,1,9,143,0
1288,1,9,144,0
1289,1,9,147,0
1290,1,9,150,0
1291,1,9,151,1
1292,1,9,152,0
1293,1,9,153,1
1294,1,9,154,0
1295,1,9,157,0
1296,1,9,158,1
1297,1,9,159,1
1298,1,9,160,0
1299,1,9,161,1
1300,1,9,162,1
1301,1,9,163,1
1302,1,9,164,1
1303,1,9,165,1
1304,1,9,166,1
1305,1,9,169,1
1306,1,9,170,1
1307,1,9,171,1
1308,1,9,173,0
1309,1,9,174,1
1310,1,9,175,1
1311,1,9,176,1
1312,1,9,177,1
1313,1,9,178,1
1314,1,9,179,1
1315,1,9,180,0
1316,1,9,181,0
1317,1,9,183,0
1318,1,9,185,1
1319,1,9,186,1
1320,1,9,187,1
1321,1,9,188,1
1322,1,9,189,0
1323,1,9,190,1
1324,1,9,191,1
1325,1,9,192,1
1326,1,9,194,1
1327,1,9,195,1
1328,1,9,196,1
1329,1,9,197,1
1330,1,9,198,1
1331,1,9,199,1
1332,1,11,1,1
1333,1,11,2,0
1334,1,11,3,0
1335,1,11,4,1
1336,1,11,5,1
1337,1,11,6,1
1338,1,11,8,1
1339,1,11,10,1
1340,1,11,11,1
1341,1,11,12,1
1342,1,11,14,1
1343,1,11,15,1
1344,1,11,16,1
1345,1,11,17,1
1346,1,11,18,1
1347,1,11,19,1
1348,1,11,20,1
1349,1,11,21,1
1350,1,11,22,1
1351,1,11,25,1
1352,1,11,28,1
1353,1,11,29,1
1354,1,11,30,1
1355,1,11,31,1
1356,1,11,32,1
1357,1,11,33,1
1358,1,11,34,1
1359,1,11,35,1
1360,1,11,37,1
1361,1,11,39,1
1362,1,11,40,1
1363,1,11,41,1
1364,1,11,42,1
1365,1,11,43,1
1366,1,11,45,1
1367,1,11,46,1
1368,1,11,47,1
1369,1,11,48,1
1370,1,11,49,1
1371,1,11,51,1
1372,1,11,52,1
1373,1,11,54,1
1374,1,11,55,1
1375,1,11,57,0
1376,1,11,58,1
1377,1,11,59,1
1378,1,11,60,1
1379,1,11,61,1
1380,1,11,63,1
1381,1,11,64,1
1382,1,11,66,1
1383,1,11,67,1
1384,1,11,68,1
1385,1,11,69,1
1386,1,11,70,1
1387,1,11,71,1
1388,1,11,72,1
1389,1,11,74,1
1390,1,11,76,1
1391,1,11,77,1
1392,1,11,78,1
1393,1,11,79,1
1394,1,11,81,1
1395,1,11,83,1
1396,1,11,84,0
1397,1,11,86,1
1398,1,11,87,0
1399,1,11,88,0
1400,1,11,89,0
1401,1,11,90,1
1402,1,11,91,1
1403,1,11,92,0
1404,1,11,94,1
1405,1,11,95,1
1406,1,11,96,1
1407,1,11,97,0
1408,1,11,98,1
1409,1,11,99,0
1410,1,11,100,1
1411,1,11,104,0
1412,1,11,107,0
1413,1,11,109,0
1414,1,11,111,0
1415,1,11,112,0
1416,1,11,113,0
1417,1,11,114,0
1418,1,11,116,1
1419,1,11,117,0
1420,1,11,118,1
1421,1,11,120,1
1422,1,11,122,1
1423,1,11,123,1
1424,1,11,125,0
1425,1,11,127,0
1426,1,11,128,0
1427,1,11,129,0
1428,1,11,130,0
1429,1,11,132,1
1430,1,11,133,0
1431,1,11,135,1
1432,1,11,136,0
1433,1,11,137,0
1434,1,11,138,1
1435,1,11,139,1
1436,1,11,140,1
1437,1,11,141,0
1438,1,11,142,1
1439,1,11,143,1
1440,1,11,144,0
1441,1,11,145,1
1442,1,11,146,0
1443,1,11,148,1
1444,1,11,150,1
1445,1,11,151,0
1446,1,11,152,1
1447,1,11,153,1
1448,1,11,154,0
1449,1,11,155,1
1450,1,11,156,0
1451,1,11,157,0
1452,1,11,158,0
1453,1,11,159,0
1454,1,11,160,0
1455,1,11,161,0
1456,1,11,162,0
1457,1,11,164,1
1458,1,11,165,1
1459,1,11,166,1
1460,1,11,168,0
1461,1,11,169,0
1462,1,11,171,0
1463,1,11,172,1
1464,1,11,173,0
1465,1,11,175,0
1466,1,11,176,0
1467,1,11,179,0
1468,1,11,181,1
1469,1,11,182,1
1470,1,11,183,0
1471,1,11,184,1
1472,1,11,185,1
1473,1,11,187,0
1474,1,11,189,1
1475,1,11,190,1
1476,1,11,192,1
1477,1,11,193,1
1478,1,11,194,1
1479,1,11,196,0
1480,1,11,198,0
1481,1,11,199,0
1482,1,17,0,0
1483,1,17,1,0
1484,1,17,2,0
1485,1,17,3,1
1486,1,17,4,1
1487,1,17,5,1
1488,1,17,6,0
1489,1,17,7,0
1490,1,17,8,1
1491,1,17,9,1
1492,1,17,10,1
1493,1,17,11,1
1494,1,17,12,0
1495,1,17,14,1
1496,1,17,16,1
1497,1,17,18,0
1498,1,17,20,1
1499,1,17,21,1
1500,1,17,22,0
1501,1,17,23,1
1502,1,17,24,0
1503,1,17,27,1
1504,1,17,28,0
1505,1,17,29,1
1506,1,17,30,1
1507,1,17,32,1
1508,1,17,33,1
1509,1,17,36,1
1510,1,17,37,1
1511,1,17,38,1
1512,1,17,40,0
1513,1,17,41,1
1514,1,17,42,1
1515,1,17,44,1
1516,1,17,48,1
1517,1,17,49,1
1518,1,17,52,1
1519,1,17,53,1
1520,1,17,55,1
1521,1,17,56,1
1522,1,17,57,1
1523,1,17,58,0
1524,1,17,59,1
1525,1,17,60,1
1526,1,17,61,1
1527,1,17,62,1
1528,1,17,63,1
1529,1,17,64,1
1530,1,17,65,1
1531,1,17,68,1
1532,1,17,69,1
1533,1,17,72,1
1534,1,17,74,1
1535,1,17,75,1
1536,1,17,76,1
1537,1,17,78,1
1538,1,17,79,0
1539,1,17,80,1
1540,1,17,81,1
1541,1,17,82,1
1542,1,17,83,1
1543,1,17,84,1
1544,1,17,85,1
1545,1,17,86,1
1546,1,17,87,1
1547,1,17,88,1
1548,1,17,90,1
1549,1,17,92,1
1550,1,17,94,1
1551,1,17,95,0
1552,1,17,97,1
1553,1,17,98,1
1554,1,17,99,1
1555,1,17,101,1
1556,1,17,102,0
1557,1,17,104,1
1558,1,17,105,1
1559,1,17,109,1
1560,1,17,111,1
1561,1,17,113,0
1562,1,17,114,1
1563,1,17,115,1
1564,1,17,117,0
1565,1,17,118,1
1566,1,17,120,0
1567,1,17,122,1
1568,1,17,123,1
1569,1,17,125,1
1570,1,17,127,1
1571,1,17,129,1
1572,1,17,130,1
1573,1,17,131,1
1574,1,17,132,1
1575,1,17,133,1
1576,1,17,134,1
1577,1,17,135,1
1578,1,17,138,1
1579,1,17,139,1
1580,1,17,140,1
1581,1,17,141,1
1582,1,17,142,1
1583,1,17,143,1
1584,1,17,144,1
1585,1,17,146,1
1586,1,17,147,1
1587,1,17,149,1
1588,1,17,150,1
1589,1,17,151,1
1590,1,17,152,1
1591,1,17,153,1
1592,1,17,154,1
1593,1,17,155,1
1594,1,17,156,1
1595,1,17,158,1
1596,1,17,160,1
1597,1,17,161,1
1598,1,17,163,0
1599,1,17,164,1
1600,1,17,165,1
1601,1,17,166,1
1602,1,17,168,0
1603,1,17,169,1
1604,1,17,170,1
1605,1,17,171,1
1606,1,17,172,1
1607,1,17,173,1
1608,1,17,174,1
1609,1,17,177,1
1610,1,17,179,1
1611,1,17,181,1
1612,1,17,182,0
1613,1,17,184,1
1614,1,17,185,1
1615,1,17,186,1
1616,1,17,187,0
1617,1,17,189,1
1618,1,17,192,1
1619,1,17,194,1
1620,1,17,195,1
1621,1,17,198,1
1622,1,17,199,1
1623,1,18,0,1
1624,1,18,2,1
1625,1,18,4,0
1626,1,18,6,1
1627,1,18,7,1
1628,1,18,8,1
1629,1,18,9,1
1630,1,18,10,1
1631,1,18,11,1
1632,1,18,12,1
1633,1,18,13,1
1634,1,18,14,1
1635,1,18,16,1
1636,1,18,17,1
1637,1,18,18,1
1638,1,18,19,1
1639,1,18,20,1
1640,1,18,21,1
1641,1,18,22,1
1642,1,18,23,1
1643,1,18,24,1
1644,1,18,27,1
1645,1,18,29,1
1646,1,18,30,1
1647,1,18,31,1
1648,1,18,32,0
1649,1,18,34,0
1650,1,18,35,1
1651,1,18,36,1
1652,1,18,38,1
1653,1,18,39,1
1654,1,18,40,0
1655,1,18,41,1
1656,1,18,42,1
1657,1,18,43,1
1658,1,18,44,1
1659,1,18,46,1
1660,1,18,47,1
1661,1,18,48,1
1662,1,18,49,1
1663,1,18,51,1
1664,1,18,52,1
1665,1,18,55,1
1666,1,18,56,1
1667,1,18,57,0
1668,1,18,58,1
1669,1,18,59,1
1670,1,18,61,1
1671,1,18,62,1
1672,1,18,63,1
1673,1,18,64,1
1674,1,18,65,1
1675,1,18,67,1
1676,1,18,68,1
1677,1,18,69,1
1678,1,18,70,1
1679,1,18,73,1
1680,1,18,74,1
1681,1,18,75,1
1682,1,18,77,1
1683,1,18,78,1
1684,1,18,79,1
1685,1,18,80,1
1686,1,18,81,1
1687,1,18,83,1
1688,1,18,84,1
1689,1,18,85,1
1690,1,18,86,1
1691,1,18,88,1
1692,1,18,91,1
1693,1,18,93,1
1694,1,18,94,1
1695,1,18,95,1
1696,1,18,96,1
1697,1,18,97,1
1698,1,18,100,1
1699,1,18,101,1
1700,1,18,102,1
1701,1,18,103,1
1702,1,18,108,1
1703,1,18,109,1
1704,1,18,111,1
1705,1,18,112,1
1706,1,18,113,1
1707,1,18,116,1
1708,1,18,117,1
1709,1,18,118,1
1710,1,18,119,1
1711,1,18,120,1
1712,1,18,121,1
1713,1,18,122,1
1714,1,18,123,1
1715,1,18,124,1
1716,1,18,126,1
1717,1,18,127,1
1718,1,18,128,1
1719,1,18,129,1
1720,1,18,130,1
1721,1,18,131,1
1722,1,18,133,1
1723,1,18,134,1
1724,1,18,135,1
1725,1,18,136,1
1726,1,18,137,1
1727,1,18,138,0
1728,1,18,139,1
1729,1,18,141,1
1730,1,18,143,1
1731,1,18,144,0
1732,1,18,145,1
1733,1,18,148,1
1734,1,18,153,1
1735,1,18,154,1
1736,1,18,155,1
1737,1,18,156,1
1738,1,18,157,1
1739,1,18,159,1
1740,1,18,160,1
1741,1,18,161,1
1742,1,18,162,0
1743,1,18,163,1
1744,1,18,164,1
1745,1,18,165,1
1746,1,18,166,1
1747,1,18,168,1
1748,1,18,169,1
1749,1,18,170,0
1750,1,18,171,1
1751,1,18,172,1
1752,1,18,173,1
1753,1,18,174,1
1754,1,18,175,1
1755,1,18,177,1
1756,1,18,178,1
1757,1,18,179,1
1758,1,18,181,1
1759,1,18,183,1
1760,1,18,185,1
1761,1,18,186,1
1762,1,18,187,1
1763,1,18,188,1
1764,1,18,189,1
1765,1,18,191,0
1766,1,18,192,1
1767,1,18,193,1
1768,1,18,196,1
1769,1,18,197,1
1770,1,18,198,1
1771,1,18,199,1
1772,1,20,0,1
1773,1,20,1,1
1774,1,20,2,0
1775,1,20,3,1
1776,1,20,4,1
1777,1,20,6,1
1778,1,20,7,1
1779,1,20,9,1
1780,1,20,10,1
1781,1,20,11,1
1782,1,20,13,1
1783,1,20,14,1
1784,1,20,16,1
1785,1,20,17,1
1786,1,20,18,1
1787,1,20,19,1
1788,1,20,20,1
1789,1,20,21,1
1790,1,20,23,1
1791,1,20,24,1
1792,1,20,25,1
1793,1,20,26,1
1794,1,20,27,1
1795,1,20,28,1
1796,1,20,29,1
1797,1,20,30,1
1798,1,20,32,1
1799,1,20,35,1
1800,1,20,38,1
1801,1,20,39,1
1802,1,20,40,0
1803,1,20,41,1
1804,1,20,43,1
1805,1,20,44,1
1806,1,20,46,1
1807,1,20,48,1
1808,1,20,49,1
1809,1,20,50,1
1810,1,20,52,1
1811,1,20,53,1
1812,1,20,54,1
1813,1,20,55,1
1814,1,20,56,1
1815,1,20,57,1
1816,1,20,59,1
1817,1,20,60,1
1818,1,20,62,1
1819,1,20,65,1
1820,1,20,66,1
1821,1,20,67,1
1822,1,20,69,1
1823,1,20,70,1
1824,1,20,71,1
1825,1,20,73,1
1826,1,20,75,1
1827,1,20,76,1
1828,1,20,77,1
1829,1,20,80,1
1830,1,20,81,1
1831,1,20,82,1
1832,1,20,83,1
1833,1,20,84,1
1834,1,20,85,1
1835,1,20,86,1
1836,1,20,87,1
1837,1,20,88,1
1838,1,20,89,1
1839,1,20,90,1
1840,1,20,91,1
1841,1,20,93,1
1842,1,20,94,1
1843,1,20,95,1
1844,1,20,96,1
1845,1,20,97,1
1846,1,20,100,1
1847,1,20,102,0
1848,1,20,104,1
1849,1,20,105,1
1850,1,20,106,1
1851,1,20,107,1
1852,1,20,108,1
1853,1,20,109,1
1854,1,20,110,1
1855,1,20,111,1
1856,1,20,112,1
1857,1,20,114,1
1858,1,20,115,1
1859,1,20,116,0
1860,1,20,119,1
1861,1,20,120,1
1862,1,20,121,1
1863,1,20,123,1
1864,1,20,124,1
1865,1,20,125,1
1866,1,20,126,1
1867,1,20,127,1
1868,1,20,128,1
1869,1,20,129,1
1870,1,20,131,1
1871,1,20,133,1
1872,1,20,134,1
1873,1,20,135,1
1874,1,20,136,1
1875,1,20,137,1
1876,1,20,138,1
1877,1,20,140,1
1878,1,20,141,1
1879,1,20,142,1
1880,1,20,144,1
1881,1,20,145,1
1882,1,20,147,1
1883,1,20,148,1
1884,1,20,149,1
1885,1,20,150,1
1886,1,20,151,1
1887,1,20,152,1
1888,1,20,154,1
1889,1,20,155,1
1890,1,20,156,1
1891,1,20,157,1
1892,1,20,158,1
1893,1,20,159,1
1894,1,20,160,1
1895,1,20,164,1
1896,1,20,165,1
1897,1,20,166,1
1898,1,20,167,1
1899,1,20,168,1
1900,1,20,169,1
1901,1,20,170,1
1902,1,20,171,1
1903,1,20,172,1
1904,1,20,173,0
1905,1,20,175,1
1906,1,20,176,1
1907,1,20,179,1
1908,1,20,180,1
1909,1,20,181,1
1910,1,20,182,1
1911,1,20,184,0
1912,1,20,185,1
1913,1,20,186,1
1914,1,20,188,1
1915,1,20,189,1
1916,1,20,190,1
1917,1,20,191,1
1918,1,20,193,1
1919,1,20,194,1
1920,1,20,195,1
1921,1,20,196,1
1922,1,20,197,1
1923,1,25,0,1
1924,1,25,1,0
1925,1,25,2,1
1926,1,25,3,1
1927,1,25,4,1
1928,1,25,7,1
1929,1,25,8,1
1930,1,25,9,1
1931,1,25,10,1
1932,1,25,11,1
1933,1,25,12,1
1934,1,25,13,1
1935,1,25,18,1
1936,1,25,19,1
1937,1,25,21,1
1938,1,25,22,1
1939,1,25,23,1
1940,1,25,24,1
1941,1,25,25,1
1942,1,25,27,1
1943,1,25,28,1
1944,1,25,29,1
1945,1,25,30,1
1946,1,25,31,1
1947,1,25,32,1
1948,1,25,34,1
1949,1,25,35,1
1950,1,25,36,1
1951,1,25,37,1
1952,1,25,38,1
1953,1,25,39,1
1954,1,25,40,0
1955,1,25,41,0
1956,1,25,44,0
1957,1,25,48,1
1958,1,25,49,1
1959,1,25,51,1
1960,1,25,53,1
1961,1,25,54,1
1962,1,25,55,1
1963,1,25,56,1
1964,1,25,57,1
1965,1,25,58,1
1966,1,25,59,1
1967,1,25,60,1
1968,1,25,62,1
1969,1,25,63,1
1970,1,25,64,1
1971,1,25,65,1
1972,1,25,68,1
1973,1,25,69,1
1974,1,25,70,1
1975,1,25,71,1
1976,1,25,72,1
1977,1,25,74,1
1978,1,25,76,1
1979,1,25,77,1
1980,1,25,78,1
1981,1,25,79,1
1982,1,25,80,1
1983,1,25,83,1
1984,1,25,85,1
1985,1,25,86,1
1986,1,25,87,0
1987,1,25,88,1
1988,1,25,89,1
1989,1,25,90,1
1990,1,25,91,1
1991,1,25,92,1
1992,1,25,93,1
1993,1,25,96,1
1994,1,25,98,1
1995,1,25,99,1
1996,1,25,100,1
1997,1,25,101,1
1998,1,25,102,1
1999,1,25,103,1
2000,1,25,104,1
2001,1,25,106,1
2002,1,25,107,1
2003,1,25,108,0
2004,1,25,109,1
2005,1,25,111,1
2006,1,25,114,1
2007,1,25,116,1
2008,1,25,118,1
2009,1,25,120,1
2010,1,25,121,1
2011,1,25,122,1
2012,1,25,123,1
2013,1,25,124,1
2014,1,25,125,1
2015,1,25,126,1
2016,1,25,127,1
2017,1,25,128,1
2018,1,25,129,1
2019,1,25,130,1
2020,1,25,131,1
2021,1,25,133,1
2022,1,25,134,1
2023,1,25,137,1
2024,1,25,138,1
2025,1,25,139,1
2026,1,25,140,1
2027,1,25,141,1
2028,1,25,144,1
2029,1,25,146,0
2030,1,25,147,1
2031,1,25,148,1
2032,1,25,150,1
2033,1,25,151,1
2034,1,25,153,0
2035,1,25,154,1
2036,1,25,155,1
2037,1,25,157,1
2038,1,25,160,1
2039,1,25,162,1
2040,1,25,163,1
2041,1,25,164,1
2042,1,25,165,1
2043,1,25,166,1
2044,1,25,169,1
2045,1,25,170,1
2046,1,25,172,1
2047,1,25,173,1
2048,1,25,174,1
2049,1,25,176,1
2050,1,25,178,1
2051,1,25,179,1
2052,1,25,180,0
2053,1,25,182,1
2054,1,25,183,1
2055,1,25,185,1
2056,1,25,186,1
2057,1,25,188,1
2058,1,25,189,1
2059,1,25,190,1
2060,1,25,191,1
2061,1,25,192,1
2062,1,25,193,1
2063,1,25,194,1
2064,1,25,195,1
2065,1,25,197,1
2066,1,25,198,1
2067,1,25,199,1
2068,1,35,0,1
2069,1,35,2,0
2070,1,35,3,0
2071,1,35,4,0
2072,1,35,5,1
2073,1,35,6,1
2074,1,35,7,1
2075,1,35,8,1
2076,1,35,9,1
2077,1,35,11,1
2078,1,35,12,1
2079,1,35,14,1
2080,1,35,15,1
2081,1,35,16,1
2082,1,35,25,1
2083,1,35,27,1
2084,1,35,28,1
2085,1,35,31,1
2086,1,35,32,1
2087,1,35,33,1
2088,1,35,34,1
2089,1,35,37,1
2090,1,35,39,1
2091,1,35,41,0
2092,1,35,43,1
2093,1,35,44,1
2094,1,35,45,1
2095,1,35,47,1
2096,1,35,48,1
2097,1,35,49,1
2098,1,35,50,1
2099,1,35,51,1
2100,1,35,52,1
2101,1,35,54,1
2102,1,35,55,1
2103,1,35,56,1
2104,1,35,57,1
2105,1,35,58,1
2106,1,35,59,1
2107,1,35,60,1
2108,1,35,62,1
2109,1,35,63,1
2110,1,35,64,1
2111,1,35,66,1
2112,1,35,67,1
2113,1,35,68,1
2114,1,35,70,1
2115,1,35,72,1
2116,1,35,74,1
2117,1,35,77,1
2118,1,35,78,1
2119,1,35,79,1
2120,1,35,80,1
2121,1,35,81,1
2122,1,35,82,1
2123,1,35,83,1
2124,1,35,84,1
2125,1,35,85,0
2126,1,35,86,1
2127,1,35,87,1
2128,1,35,88,1
2129,1,35,89,1
2130,1,35,92,1
2131,1,35,93,1
2132,1,35,95,1
2133,1,35,97,1
2134,1,35,98,1
2135,1,35,99,1
2136,1,35,100,1
2137,1,35,101,1
2138,1,35,102,0
2139,1,35,103,1
2140,1,35,104,1
2141,1,35,105,1
2142,1,35,107,1
2143,1,35,110,1
2144,1,35,111,1
2145,1,35,112,1
2146,1,35,113,1
2147,1,35,114,1
2148,1,35,117,1
2149,1,35,118,1
2150,1,35,119,1
2151,1,35,120,1
2152,1,35,121,1
2153,1,35,122,1
2154,1,35,123,1
2155,1,35,127,1
2156,1,35,128,1
2157,1,35,129,1
2158,1,35,130,1
2159,1,35,131,1
2160,1,35,133,1
2161,1,35,134,1
2162,1,35,135,1
2163,1,35,136,1
2164,1,35,137,1
2165,1,35,138,1
2166,1,35,139,1
2167,1,35,142,1
2168,1,35,143,1
2169,1,35,144,1
2170,1,35,146,1
2171,1,35,147,1
2172,1,35,148,1
2173,1,35,151,1
2174,1,35,152,1
2175,1,35,156,1
2176,1,35,157,1
2177,1,35,159,1
2178,1,35,160,1
2179,1,35,161,1
2180,1,35,162,1
2181,1,35,163,1
2182,1,35,164,1
2183,1,35,165,1
2184,1,35,166,1
2185,1,35,167,1
2186,1,35,168,1
2187,1,35,172,1
2188,1,35,173,1
2189,1,35,174,1
2190,1,35,175,1
2191,1,35,176,1
2192,1,35,177,1
2193,1,35,179,1
2194,1,35,181,1
2195,1,35,182,1
2196,1,35,185,1
2197,1,35,186,1
2198,1,35,187,1
2199,1,35,188,1
2200,1,35,189,1
2201,1,35,190,1
2202,1,35,191,1
2203,1,35,192,1
2204,1,35,193,1
2205,1,35,195,1
2206,1,35,197,1
2207,1,35,198,1
2208,1,39,0,1
2209,1,39,2,1
2210,1,39,3,0
2211,1,39,5,1
2212,1,39,6,1
2213,1,39,7,1
2214,1,39,8,1
2215,1,39,10,1
2216,1,39,11,0
2217,1,39,12,1
2218,1,39,13,1
2219,1,39,14,1
2220,1,39,16,1
2221,1,39,17,1
2222,1,39,19,1
2223,1,39,20,1
2224,1,39,22,1
2225,1,39,24,1
2226,1,39,25,1
2227,1,39,26,1
2228,1,39,27,1
2229,1,39,29,1
2230,1,39,30,1
2231,1,39,31,1
2232,1,39,32,1
2233,1,39,33,1
2234,1,39,34,1
2235,1,39,35,1
2236,1,39,36,1
2237,1,39,37,1
2238,1,39,38,1
2239,1,39,39,1
2240,1,39,40,0
2241,1,39,41,0
2242,1,39,44,1
2243,1,39,45,0
2244,1,39,46,1
2245,1,39,49,1
2246,1,39,51,1
2247,1,39,52,1
2248,1,39,53,0
2249,1,39,54,1
2250,1,39,55,1
2251,1,39,56,1
2252,1,39,57,1
2253,1,39,58,1
2254,1,39,59,1
2255,1,39,60,1
2256,1,39,61,1
2257,1,39,62,1
2258,1,39,66,1
2259,1,39,68,1
2260,1,39,70,1
2261,1,39,71,1
2262,1,39,73,1
2263,1,39,75,1
2264,1,39,76,1
2265,1,39,77,1
2266,1,39,79,1
2267,1,39,81,1
2268,1,39,84,1
2269,1,39,86,1
2270,1,39,88,1
2271,1,39,89,0
2272,1,39,90,1
2273,1,39,92,1
2274,1,39,93,1
2275,1,39,94,1
2276,1,39,95,1
2277,1,39,96,1
2278,1,39,97,1
2279,1,39,98,1
2280,1,39,99,1
2281,1,39,100,1
2282,1,39,101,1
2283,1,39,102,1
2284,1,39,103,1
2285,1,39,104,1
2286,1,39,105,1
2287,1,39,106,1
2288,1,39,107,1
2289,1,39,108,1
2290,1,39,110,1
2291,1,39,111,1
2292,1,39,112,1
2293,1,39,113,1
2294,1,39,114,1
2295,1,39,115,1
2296,1,39,116,1
2297,1,39,117,1
2298,1,39,118,1
2299,1,39,120,1
2300,1,39,122,1
2301,1,39,123,1
2302,1,39,124,1
2303,1,39,126,1
2304,1,39,127,1
2305,1,39,129,1
2306,1,39,130,1
2307,1,39,132,1
2308,1,39,136,1
2309,1,39,137,1
2310,1,39,138,1
2311,1,39,139,1
2312,1,39,140,1
2313,1,39,142,1
2314,1,39,143,1
2315,1,39,144,1
2316,1,39,145,1
2317,1,39,146,1
2318,1,39,147,1
2319,1,39,149,1
2320,1,39,152,1
2321,1,39,154,1
2322,1,39,155,0
2323,1,39,156,1
2324,1,39,158,1
2325,1,39,159,1
2326,1,39,161,1
2327,1,39,162,1
2328,1,39,163,1
2329,1,39,164,1
2330,1,39,166,1
2331,1,39,168,1
2332,1,39,171,0
2333,1,39,172,1
2334,1,39,173,1
2335,1,39,175,1
2336,1,39,176,1
2337,1,39,177,1
2338,1,39,178,1
2339,1,39,179,1
2340,1,39,180,1
2341,1,39,181,1
2342,1,39,182,1
2343,1,39,183,1
2344,1,39,185,1
2345,1,39,186,1
2346,1,39,187,1
2347,1,39,188,1
2348,1,39,191,1
2349,1,39,192,1
2350,1,39,193,1
2351,1,39,195,1
2352,1,39,197,1
2353,1,39,198,1
2354,1,39,199,1
2355,1,40,0,1
2356,1,40,1,0
2357,1,40,3,1
2358,1,40,4,1
2359,1,40,5,1
2360,1,40,6,1
2361,1,40,7,1
2362,1,40,8,1
2363,1,40,10,1
2364,1,40,11,1
2365,1,40,12,1
2366,1,40,13,1
2367,1,40,14,1
2368,1,40,15,1
2369,1,40,16,1
2370,1,40,19,1
2371,1,40,20,1
2372,1,40,22,1
2373,1,40,24,1
2374,1,40,25,1
2375,1,40,26,1
2376,1,40,27,1
2377,1,40,28,1
2378,1,40,29,1
2379,1,40,30,1
2380,1,40,31,1
2381,1,40,33,1
2382,1,40,34,1
2383,1,40,35,1
2384,1,40,36,1
2385,1,40,37,1
2386,1,40,38,1
2387,1,40,39,1
2388,1,40,40,0
2389,1,40,41,0
2390,1,40,42,0
2391,1,40,43,0
2392,1,40,44,1
2393,1,40,46,1
2394,1,40,47,1
2395,1,40,50,1
2396,1,40,52,1
2397,1,40,53,1
2398,1,40,54,1
2399,1,40,55,1
2400,1,40,56,1
2401,1,40,57,1
2402,1,40,58,1
2403,1,40,59,1
2404,1,40,61,1
2405,1,40,62,1
2406,1,40,64,1
2407,1,40,66,1
2408,1,40,67,1
2409,1,40,68,1
2410,1,40,69,1
2411,1,40,70,1
2412,1,40,71,1
2413,1,40,72,1
2414,1,40,73,1
2415,1,40,74,1
2416,1,40,76,1
2417,1,40,78,1
2418,1,40,79,1
2419,1,40,81,1
2420,1,40,82,1
2421,1,40,86,1
2422,1,40,87,1
2423,1,40,89,1
2424,1,40,90,1
2425,1,40,91,1
2426,1,40,92,1
2427,1,40,93,1
2428,1,40,94,1
2429,1,40,95,0
2430,1,40,96,1
2431,1,40,97,1
2432,1,40,98,1
2433,1,40,99,1
2434,1,40,100,1
2435,1,40,102,1
2436,1,40,103,1
2437,1,40,104,1
2438,1,40,105,1
2439,1,40,106,1
2440,1,40,107,1
2441,1,40,108,1
2442,1,40,109,1
2443,1,40,110,1
2444,1,40,111,1
2445,1,40,112,1
2446,1,40,113,1
2447,1,40,115,1
2448,1,40,116,1
2449,1,40,117,1
2450,1,40,118,1
2451,1,40,119,1
2452,1,40,120,0
2453,1,40,121,1
2454,1,40,123,1
2455,1,40,126,1
2456,1,40,127,1
2457,1,40,128,1
2458,1,40,129,1
2459,1,40,130,1
2460,1,40,131,1
2461,1,40,132,1
2462,1,40,133,1
2463,1,40,134,1
2464,1,40,135,1
2465,1,40,136,1
2466,1,40,137,1
2467,1,40,138,1
2468,1,40,140,1
2469,1,40,141,1
2470,1,40,142,1
2471,1,40,143,1
2472,1,40,144,1
2473,1,40,145,1
2474,1,40,147,1
2475,1,40,148,1
2476,1,40,149,1
2477,1,40,150,1
2478,1,40,153,1
2479,1,40,154,1
2480,1,40,155,1
2481,1,40,157,1
2482,1,40,158,1
2483,1,40,159,1
2484,1,40,160,1
2485,1,40,161,1
2486,1,40,162,1
2487,1,40,163,1
2488,1,40,164,1
2489,1,40,166,1
2490,1,40,167,1
2491,1,40,168,1
2492,1,40,170,1
2493,1,40,171,1
2494,1,40,172,1
2495,1,40,173,1
2496,1,40,174,1
2497,1,40,175,1
2498,1,40,176,1
2499,1,40,179,1
2500,1,40,181,1
2501,1,40,183,1
2502,1,40,184,1
2503,1,40,187,1
2504,1,40,189,1
2505,1,40,190,1
2506,1,40,191,1
2507,1,40,192,1
2508,1,40,193,1
2509,1,40,194,1
2510,1,40,196,1
2511,1,40,197,1
2512,1,40,198,1
2513,1,42,0,0
2514,1,42,5,1
2515,1,42,6,0
2516,1,42,7,0
2517,1,42,8,0
2518,1,42,9,0
2519,1,42,11,0
2520,1,42,12,1
2521,1,42,13,0
2522,1,42,15,1
2523,1,42,16,1
2524,1,42,19,1
2525,1,42,20,1
2526,1,42,21,1
2527,1,42,22,1
2528,1,42,23,1
2529,1,42,24,1
2530,1,42,25,1
2531,1,42,26,1
2532,1,42,27,0
2533,1,42,28,0
2534,1,42,29,1
2535,1,42,30,1
2536,1,42,33,1
2537,1,42,35,0
2538,1,42,36,0
2539,1,42,39,0
2540,1,42,41,0
2541,1,42,42,1
2542,1,42,43,1
2543,1,42,44,1
2544,1,42,45,0
2545,1,42,46,0
2546,1,42,47,1
2547,1,42,48,0
2548,1,42,49,0
2549,1,42,50,1
2550,1,42,52,1
2551,1,42,55,1
2552,1,42,56,1
2553,1,42,57,1
2554,1,42,58,1
2555,1,42,59,1
2556,1,42,60,1
2557,1,42,61,1
2558,1,42,62,1
2559,1,42,63,1
2560,1,42,65,1
2561,1,42,66,1
2562,1,42,67,1
2563,1,42,68,1
2564,1,42,70,1
2565,1,42,71,1
2566,1,42,72,1
2567,1,42,73,1
2568,1,42,74,1
2569,1,42,75,1
2570,1,42,76,1
2571,1,42,78,1
2572,1,42,79,1
2573,1,42,84,1
2574,1,42,85,0
2575,1,42,86,1
2576,1,42,87,1
2577,1,42,88,1
2578,1,42,89,1
2579,1,42,90,1
2580,1,42,92,1
2581,1,42,93,1
2582,1,42,94,1
2583,1,42,96,1
2584,1,42,98,1
2585,1,42,99,1
2586,1,42,100,1
2587,1,42,101,1
2588,1,42,102,1
2589,1,42,104,1
2590,1,42,105,1
2591,1,42,106,1
2592,1,42,107,1
2593,1,42,108,1
2594,1,42,109,1
2595,1,42,110,0
2596,1,42,111,1
2597,1,42,112,1
2598,1,42,115,1
2599,1,42,118,1
2600,1,42,119,1
2601,1,42,120,1
2602,1,42,121,0
2603,1,42,122,1
2604,1,42,123,0
2605,1,42,124,1
2606,1,42,125,0
2607,1,42,126,1
2608,1,42,127,1
2609,1,42,128,1
2610,1,42,129,1
2611,1,42,132,1
2612,1,42,133,0
2613,1,42,134,1
2614,1,42,135,0
2615,1,42,136,1
2616,1,42,138,1
2617,1,42,141,0
2618,1,42,142,1
2619,1,42,143,0
2620,1,42,144,0
2621,1,42,145,0
2622,1,42,147,1
2623,1,42,150,1
2624,1,42,151,0
2625,1,42,154,1
2626,1,42,155,1
2627,1,42,157,0
2628,1,42,159,0
2629,1,42,160,1
2630,1,42,161,1
2631,1,42,162,1
2632,1,42,163,1
2633,1,42,164,0
2634,1,42,165,1
2635,1,42,167,1
2636,1,42,168,1
2637,1,42,172,1
2638,1,42,173,0
2639,1,42,174,1
2640,1,42,175,1
2641,1,42,176,0
2642,1,42,177,1
2643,1,42,178,0
2644,1,42,179,1
2645,1,42,180,1
2646,1,42,181,1
2647,1,42,182,0
2648,1,42,183,1
2649,1,42,186,1
2650,1,42,187,0
2651,1,42,188,1
2652,1,42,189,1
2653,1,42,190,1
2654,1,42,191,0
2655,1,42,192,1
2656,1,42,193,1
2657,1,42,195,1
2658,1,42,196,1
2659,1,42,197,1
2660,1,42,199,1
2661,1,45,1,0
2662,1,45,2,1
2663,1,45,3,1
2664,1,45,4,1
2665,1,45,5,1
2666,1,45,7,1
2667,1,45,8,1
2668,1,45,11,1
2669,1,45,12,1
2670,1,45,13,1
2671,1,45,14,1
2672,1,45,15,1
2673,1,45,17,1
2674,1,45,19,1
2675,1,45,20,0
2676,1,45,22,0
2677,1,45,23,1
2678,1,45,25,0
2679,1,45,27,1
2680,1,45,28,1
2681,1,45,29,1
2682,1,45,31,1
2683,1,45,33,1
2684,1,45,34,1
2685,1,45,35,1
2686,1,45,36,1
2687,1,45,37,0
2688,1,45,39,1
2689,1,45,40,0
2690,1,45,41,0
2691,1,45,42,1
2692,1,45,43,1
2693,1,45,44,1
2694,1,45,46,1
2695,1,45,47,1
2696,1,45,48,1
2697,1,45,49,1
2698,1,45,50,1
2699,1,45,54,1
2700,1,45,57,1
2701,1,45,59,1
2702,1,45,60,1
2703,1,45,62,1
2704,1,45,63,1
2705,1,45,64,1
2706,1,45,68,1
2707,1,45,69,1
2708,1,45,70,1
2709,1,45,71,1
2710,1,45,72,1
2711,1,45,73,1
2712,1,45,74,1
2713,1,45,75,1
2714,1,45,76,1
2715,1,45,77,1
2716,1,45,78,1
2717,1,45,80,0
2718,1,45,81,1
2719,1,45,83,1
2720,1,45,84,1
2721,1,45,85,1
2722,1,45,86,1
2723,1,45,88,1
2724,1,45,89,1
2725,1,45,92,1
2726,1,45,93,1
2727,1,45,94,1
2728,1,45,95,1
2729,1,45,96,1
2730,1,45,97,1
2731,1,45,98,1
2732,1,45,99,1
2733,1,45,100,1
2734,1,45,101,1
2735,1,45,102,1
2736,1,45,103,1
2737,1,45,104,1
2738,1,45,105,1
2739,1,45,108,1
2740,1,45,109,1
2741,1,45,110,1
2742,1,45,111,1
2743,1,45,112,1
2744,1,45,113,1
2745,1,45,115,1
2746,1,45,117,1
2747,1,45,118,1
2748,1,45,119,1
2749,1,45,120,1
2750,1,45,121,1
2751,1,45,122,1
2752,1,45,123,1
2753,1,45,124,1
2754,1,45,125,1
2755,1,45,126,1
2756,1,45,127,1
2757,1,45,128,1
2758,1,45,131,1
2759,1,45,132,1
2760,1,45,133,1
2761,1,45,134,1
2762,1,45,136,1
2763,1,45,137,1
2764,1,45,138,1
2765,1,45,139,1
2766,1,45,140,1
2767,1,45,141,1
2768,1,45,142,1
2769,1,45,146,1
2770,1,45,148,1
2771,1,45,149,1
2772,1,45,150,1
2773,1,45,152,1
2774,1,45,153,1
2775,1,45,155,1
2776,1,45,157,1
2777,1,45,158,1
2778,1,45,159,1
2779,1,45,160,1
2780,1,45,161,1
2781,1,45,163,1
2782,1,45,166,1
2783,1,45,168,1
2784,1,45,169,1
2785,1,45,171,1
2786,1,45,172,1
2787,1,45,173,1
2788,1,45,175,1
2789,1,45,176,1
2790,1,45,177,1
2791,1,45,180,1
2792,1,45,181,1
2793,1,45,182,1
2794,1,45,183,1
2795,1,45,184,1
2796,1,45,185,1
2797,1,45,187,1
2798,1,45,188,1
2799,1,45,189,1
2800,1,45,192,1
2801,1,45,193,1
2802,1,45,194,1
2803,1,45,195,1
2804,1,45,196,1
2805,1,45,199,0
2806,1,47,0,0
2807,1,47,1,0
2808,1,47,2,1
2809,1,47,4,0
2810,1,47,5,1
2811,1,47,6,1
2812,1,47,7,1
2813,1,47,8,1
2814,1,47,9,1
2815,1,47,10,1
2816,1,47,11,1
2817,1,47,12,1
2818,1,47,13,1
2819,1,47,15,1
2820,1,47,16,1
2821,1,47,17,1
2822,1,47,18,1
2823,1,47,19,1
2824,1,47,21,1
2825,1,47,23,1
2826,1,47,24,1
2827,1,47,26,1
2828,1,47,27,1
2829,1,47,28,1
2830,1,47,29,1
2831,1,47,30,1
2832,1,47,31,1
2833,1,47,32,1
2834,1,47,33,1
2835,1,47,34,1
2836,1,47,35,1
2837,1,47,36,1
2838,1,47,37,1
2839,1,47,38,1
2840,1,47,39,1
2841,1,47,40,1
2842,1,47,42,1
2843,1,47,43,1
2844,1,47,44,1
2845,1,47,45,1
2846,1,47,49,1
2847,1,47,50,1
2848,1,47,51,1
2849,1,47,52,1
2850,1,47,53,1
2851,1,47,54,1
2852,1,47,55,1
2853,1,47,56,1
2854,1,47,58,1
2855,1,47,60,1
2856,1,47,61,1
2857,1,47,63,1
2858,1,47,64,1
2859,1,47,65,1
2860,1,47,66,1
2861,1,47,67,1
2862,1,47,68,1
2863,1,47,69,1
2864,1,47,70,1
2865,1,47,71,1
2866,1,47,72,1
2867,1,47,73,1
2868,1,47,75,1
2869,1,47,76,1
2870,1,47,77,1
2871,1,47,78,1
2872,1,47,79,1
2873,1,47,80,1
2874,1,47,82,1
2875,1,47,83,1
2876,1,47,86,1
2877,1,47,89,1
2878,1,47,90,1
2879,1,47,91,1
2880,1,47,93,1
2881,1,47,96,1
2882,1,47,97,1
2883,1,47,98,1
2884,1,47,99,1
2885,1,47,100,1
2886,1,47,101,1
2887,1,47,102,1
2888,1,47,103,1
2889,1,47,104,1
2890,1,47,105,1
2891,1,47,106,1
2892,1,47,107,1
2893,1,47,108,1
2894,1,47,110,1
2895,1,47,111,1
2896,1,47,112,1
2897,1,47,113,1
2898,1,47,114,1
2899,1,47,115,1
2900,1,47,116,1
2901,1,47,118,1
2902,1,47,120,1
2903,1,47,122,1
2904,1,47,123,1
2905,1,47,124,1
2906,1,47,125,1
2907,1,47,126,1
2908,1,47,127,1
2909,1,47,128,1
2910,1,47,129,1
2911,1,47,130,1
2912,1,47,131,1
2913,1,47,132,1
2914,1,47,134,1
2915,1,47,135,1
2916,1,47,137,1
2917,1,47,138,1
2918,1,47,140,1
2919,1,47,146,1
2920,1,47,147,1
2921,1,47,149,1
2922,1,47,150,1
2923,1,47,152,1
2924,1,47,153,1
2925,1,47,154,1
2926,1,47,155,1
2927,1,47,156,1
2928,1,47,157,1
2929,1,47,158,1
2930,1,47,159,1
2931,1,47,160,1
2932,1,47,161,0
2933,1,47,162,1
2934,1,47,163,1
2935,1,47,164,1
2936,1,47,165,1
2937,1,47,167,1
2938,1,47,168,1
2939,1,47,169,1
2940,1,47,170,1
2941,1,47,171,1
2942,1,47,172,1
2943,1,47,174,1
2944,1,47,175,1
2945,1,47,176,1
2946,1,47,177,1
2947,1,47,178,1
2948,1,47,179,1
2949,1,47,181,1
2950,1,47,182,1
2951,1,47,183,1
2952,1,47,185,1
2953,1,47,186,1
2954,1,47,187,1
2955,1,47,188,1
2956,1,47,190,1
2957,1,47,191,1
2958,1,47,194,1
2959,1,47,195,1
2960,1,47,196,1
2961,1,47,197,1
2962,1,47,198,1
2963,1,47,199,1
2964,1,50,0,1
2965,1,50,1,1
2966,1,50,2,1
2967,1,50,4,1
2968,1,50,5,1
2969,1,50,8,1
2970,1,50,9,1
2971,1,50,11,1
2972,1,50,12,1
2973,1,50,14,1
2974,1,50,15,1
2975,1,50,16,1
2976,1,50,17,1
2977,1,50,18,1
2978,1,50,19,1
2979,1,50,20,1
2980,1,50,21,1
2981,1,50,25,1
2982,1,50,26,1
2983,1,50,27,1
2984,1,50,28,1
2985,1,50,29,1
2986,1,50,30,1
2987,1,50,31,1
2988,1,50,32,1
2989,1,50,33,1
2990,1,50,34,1
2991,1,50,35,1
2992,1,50,36,1
2993,1,50,38,1
2994,1,50,39,1
2995,1,50,40,1
2996,1,50,41,1
2997,1,50,42,1
2998,1,50,43,1
2999,1,50,44,1
3000,1,50,45,1
3001,1,50,46,1
3002,1,50,49,1
3003,1,50,51,1
3004,1,50,53,1
3005,1,50,55,1
3006,1,50,56,1
3007,1,50,57,1
3008,1,50,58,1
3009,1,50,59,1
3010,1,50,60,1
3011,1,50,61,1
3012,1,50,62,1
3013,1,50,63,1
3014,1,50,64,1
3015,1,50,65,1
3016,1,50,66,1
3017,1,50,67,1
3018,1,50,68,1
3019,1,50,69,1
3020,1,50,70,1
3021,1,50,71,1
3022,1,50,72,1
3023,1,50,74,1
3024,1,50,75,1
3025,1,50,76,1
3026,1,50,79,1
3027,1,50,80,0
3028,1,50,81,1
3029,1,50,83,1
3030,1,50,84,1
3031,1,50,85,1
3032,1,50,86,1
3033,1,50,87,1
3034,1,50,88,1
3035,1,50,89,1
3036,1,50,90,1
3037,1,50,91,1
3038,1,50,92,1
3039,1,50,93,1
3040,1,50,95,1
3041,1,50,96,1
3042,1,50,98,1
3043,1,50,102,1
3044,1,50,103,1
3045,1,50,104,1
3046,1,50,105,1
3047,1,50,107,1
3048,1,50,108,1
3049,1,50,109,1
3050,1,50,110,1
3051,1,50,111,1
3052,1,50,112,1
3053,1,50,113,1
3054,1,50,114,1
3055,1,50,116,1
3056,1,50,117,1
3057,1,50,119,1
3058,1,50,121,1
3059,1,50,123,1
3060,1,50,125,1
3061,1,50,126,1
3062,1,50,129,1
3063,1,50,130,1
3064,1,50,132,1
3065,1,50,133,1
3066,1,50,134,1
3067,1,50,135,1
3068,1,50,136,1
3069,1,50,137,1
3070,1,50,139,1
3071,1,50,140,1
3072,1,50,142,1
3073,1,50,143,1
3074,1,50,144,1
3075,1,50,145,1
3076,1,50,146,1
3077,1,50,147,1
3078,1,50,149,1
3079,1,50,150,1
3080,1,50,151,1
3081,1,50,153,1
3082,1,50,154,1
3083,1,50,155,1
3084,1,50,159,1
3085,1,50,162,1
3086,1,50,163,1
3087,1,50,164,1
3088,1,50,166,1
3089,1,50,167,1
3090,1,50,168,1
3091,1,50,169,1
3092,1,50,170,1
3093,1,50,171,1
3094,1,50,172,1
3095,1,50,173,1
3096,1,50,174,1
3097,1,50,175,1
3098,1,50,176,1
3099,1,50,177,1
3100,1,50,178,1
3101,1,50,179,1
3102,1,50,180,1
3103,1,50,181,1
3104,1,50,182,1
3105,1,50,183,1
3106,1,50,184,1
3107,1,50,185,1
3108,1,50,187,1
3109,1,50,190,1
3110,1,50,191,1
3111,1,50,192,1
3112,1,50,193,1
3113,1,50,195,1
3114,1,50,197,1
3115,1,50,198,1
3116,2,0,0,1
3117,2,0,1,0
3118,2,0,2,1
3119,2,0,3,0
3120,2,0,4,1
3121,2,0,5,1
3122,2,0,8,1
3123,2,0,10,1
3124,2,0,11,1
3125,2,0,12,1
3126,2,0,16,1
3127,2,0,17,1
3128,2,0,19,1
3129,2,0,21,1
3130,2,0,23,1
3131,2,0,25,1
3132,2,0,26,1
3133,2,0,27,1
3134,2,0,28,1
3135,2,0,29,1
3136,2,0,31,1
3137,2,0,33,1
3138,2,0,34,1
3139,2,0,36,1
3140,2,0,37,1
3141,2,0,38,1
3142,2,0,40,1
3143,2,0,41,1
3144,2,0,42,1
3145,2,0,43,0
3146,2,0,44,1
3147,2,0,45,0
3148,2,0,46,0
3149,2,0,48,1
3150,2,0,49,0
3151,2,0,50,0
3152,2,0,51,0
3153,2,0,53,1
3154,2,0,54,0
3155,2,0,55,1
3156,2,0,58,0
3157,2,0,59,0
3158,2,0,60,1
3159,2,0,61,1
3160,2,0,63,1
3161,2,0,64,1
3162,2,0,66,1
3163,2,0,67,1
3164,2,0,68,0
3165,2,0,69,0
3166,2,0,70,0
3167,2,0,72,1
3168,2,0,75,1
3169,2,0,78,1
3170,2,0,79,1
3171,2,0,80,0
3172,2,0,81,0
3173,2,0,83,0
3174,2,0,84,0
3175,2,0,86,1
3176,2,0,88,1
3177,2,0,89,1
3178,2,0,90,0
3179,2,0,91,0
3180,2,0,93,1
3181,2,0,94,1
3182,2,0,96,1
3183,2,0,97,1
3184,2,0,98,1
3185,2,0,99,0
3186,2,0,101,0
3187,2,0,102,1
3188,2,0,103,1
3189,2,0,104,1
3190,2,0,105,0
3191,2,0,106,1
3192,2,0,107,0
3193,2,0,108,1
3194,2,0,110,0
3195,2,0,111,0
3196,2,0,112,0
3197,2,0,113,0
3198,2,0,114,1
3199,2,0,115,1
3200,2,0,116,1
3201,2,0,118,1
3202,2,0,119,0
3203,2,0,120,1
3204,2,0,122,1
3205,2,0,123,0
3206,2,0,124,1
3207,2,0,126,0
3208,2,0,127,1
3209,2,0,128,0
3210,2,0,129,1
3211,2,0,130,0
3212,2,0,132,1
3213,2,0,133,1
3214,2,0,135,0
3215,2,0,136,1
3216,2,0,138,0
3217,2,0,139,1
3218,2,0,140,0
3219,2,0,141,0
3220,2,0,142,0
3221,2,0,143,1
3222,2,0,144,0
3223,2,0,145,1
3224,2,0,146,0
3225,2,0,147,1
3226,2,0,148,0
3227,2,0,149,1
3228,2,0,151,1
3229,2,0,155,0
3230,2,0,157,1
3231,2,0,158,1
3232,2,0,159,0
3233,2,0,160,0
3234,2,0,161,0
3235,2,0,163,1
3236,2,0,164,1
3237,2,0,166,0
3238,2,0,169,1
3239,2,0,171,1
3240,2,0,172,0
3241,2,0,173,0
3242,2,0,174,1
3243,2,0,175,1
3244,2,0,176,0
3245,2,0,177,1
3246,2,0,178,0
3247,2,0,179,1
3248,2,0,181,1
3249,2,0,182,0
3250,2,0,183,1
3251,2,0,184,1
3252,2,0,185,1
3253,2,0,186,0
3254,2,0,187,0
3255,2,0,188,1
3256,2,0,189,1
3257,2,0,190,0
3258,2,0,192,1
3259,2,0,194,1
3260,2,0,196,1
3261,2,0,197,1
3262,2,0,198,1
3263,2,1,0,0
3264,2,1,1,0
3265,2,1,2,0
3266,2,1,3,1
3267,2,1,4,0
3268,2,1,5,1
3269,2,1,6,0
3270,2,1,7,1
3271,2,1,8,1
3272,2,1,9,1
3273,2,1,11,1
3274,2,1,14,1
3275,2,1,15,1
3276,2,1,17,1
3277,2,1,18,1
3278,2,1,19,1
3279,2,1,20,1
3280,2,1,21,1
3281,2,1,22,1
3282,2,1,23,1
3283,2,1,24,1
3284,2,1,26,1
3285,2,1,27,1
3286,2,1,28,1
3287,2,1,29,1
3288,2,1,30,1
3289,2,1,31,1
3290,2,1,32,1
3291,2,1,33,1
3292,2,1,34,1
3293,2,1,35,1
3294,2,1,36,1
3295,2,1,37,1
3296,2,1,38,1
3297,2,1,39,1
3298,2,1,40,1
3299,2,1,42,0
3300,2,1,43,0
3301,2,1,44,1
3302,2,1,46,1
3303,2,1,47,1
3304,2,1,48,1
3305,2,1,49,1
3306,2,1,50,1
3307,2,1,51,1
3308,2,1,52,1
3309,2,1,53,1
3310,2,1,54,1
3311,2,1,56,1
3312,2,1,58,1
3313,2,1,60,1
3314,2,1,61,1
3315,2,1,62,1
3316,2,1,66,1
3317,2,1,67,1
3318,2,1,69,1
3319,2,1,71,1
3320,2,1,73,1
3321,2,1,74,1
3322,2,1,75,1
3323,2,1,76,1
3324,2,1,77,1
3325,2,1,78,1
3326,2,1,79,1
3327,2,1,80,1
3328,2,1,81,1
3329,2,1,83,1
3330,2,1,84,0
3331,2,1,85,1
3332,2,1,86,1
3333,2,1,88,1
3334,2,1,89,1
3335,2,1,90,1
3336,2,1,91,1
3337,2,1,92,0
3338,2,1,93,1
3339,2,1,94,1
3340,2,1,95,1
3341,2,1,98,1
3342,2,1,99,1
3343,2,1,100,0
3344,2,1,102,1
3345,2,1,103,1
3346,2,1,104,1
3347,2,1,105,1
3348,2,1,106,1
3349,2,1,107,1
3350,2,1,108,1
3351,2,1,110,1
3352,2,1,112,1
3353,2,1,113,1
3354,2,1,114,1
3355,2,1,115,1
3356,2,1,116,1
3357,2,1,118,0
3358,2,1,119,1
3359,2,1,120,1
3360,2,1,121,1
3361,2,1,122,1
3362,2,1,123,1
3363,2,1,124,1
3364,2,1,125,1
3365,2,1,127,1
3366,2,1,128,1
3367,2,1,130,1
3368,2,1,131,1
3369,2,1,132,1
3370,2,1,134,1
3371,2,1,135,1
3372,2,1,136,1
3373,2,1,137,1
3374,2,1,139,1
3375,2,1,140,1
3376,2,1,141,1
3377,2,1,142,1
3378,2,1,144,1
3379,2,1,146,1
3380,2,1,148,1
3381,2,1,149,1
3382,2,1,151,1
3383,2,1,152,1
3384,2,1,154,1
3385,2,1,156,1
3386,2,1,157,1
3387,2,1,160,1
3388,2,1,162,1
3389,2,1,164,1
3390,2,1,165,1
3391,2,1,167,1
3392,2,1,168,1
3393,2,1,169,1
3394,2,1,171,1
3395,2,1,173,1
3396,2,1,174,1
3397,2,1,175,1
3398,2,1,176,1
3399,2,1,177,1
3400,2,1,178,1
3401,2,1,179,1
3402,2,1,181,1
3403,2,1,182,1
3404,2,1,184,1
3405,2,1,186,1
3406,2,1,187,1
3407,2,1,188,1
3408,2,1,189,0
3409,2,1,190,1
3410,2,1,191,1
3411,2,1,192,0
3412,2,1,193,1
3413,2,1,194,1
3414,2,1,195,1
3415,2,1,196,0
3416,2,1,197,1
3417,2,1,198,1
3418,2,1,199,1
3419,2,2,1,1
3420,2,2,2,1
3421,2,2,3,1
3422,2,2,4,1
3423,2,2,6,1
3424,2,2,7,1
3425,2,2,8,1
3426,2,2,9,1
3427,2,2,10,1
3428,2,2,12,1
3429,2,2,14,1
3430,2,2,15,1
3431,2,2,16,1
3432,2,2,17,1
3433,2,2,19,1
3434,2,2,20,1
3435,2,2,21,1
3436,2,2,23,1
3437,2,2,24,1
3438,2,2,26,1
3439,2,2,28,1
3440,2,2,29,1
3441,2,2,31,1
3442,2,2,32,1
3443,2,2,33,1
3444,2,2,34,1
3445,2,2,35,1
3446,2,2,36,1
3447,2,2,38,1
3448,2,2,40,0
3449,2,2,41,1
3450,2,2,44,1
3451,2,2,45,1
3452,2,2,46,0
3453,2,2,48,1
3454,2,2,50,1
3455,2,2,51,1
3456,2,2,52,1
3457,2,2,53,0
3458,2,2,54,1
3459,2,2,55,1
3460,2,2,56,1
3461,2,2,57,1
3462,2,2,58,1
3463,2,2,61,1
3464,2,2,62,1
3465,2,2,63,1
3466,2,2,64,1
3467,2,2,65,1
3468,2,2,66,1
3469,2,2,67,1
3470,2,2,69,1
3471,2,2,70,1
3472,2,2,71,1
3473,2,2,72,1
3474,2,2,73,1
3475,2,2,74,1
3476,2,2,75,1
3477,2,2,76,1
3478,2,2,77,1
3479,2,2,78,1
3480,2,2,79,1
3481,2,2,80,1
3482,2,2,82,1
3483,2,2,83,1
3484,2,2,84,1
3485,2,2,86,1
3486,2,2,87,1
3487,2,2,88,1
3488,2,2,90,1
3489,2,2,93,1
3490,2,2,94,1
3491,2,2,97,0
3492,2,2,99,0
3493,2,2,101,0
3494,2,2,103,1
3495,2,2,104,1
3496,2,2,105,1
3497,2,2,106,1
3498,2,2,107,1
3499,2,2,108,1
3500,2,2,109,1
3501,2,2,110,1
3502,2,2,111,1
3503,2,2,113,1
3504,2,2,114,1
3505,2,2,116,1
3506,2,2,117,0
3507,2,2,118,1
3508,2,2,119,1
3509,2,2,120,1
3510,2,2,121,1
3511,2,2,122,1
3512,2,2,123,1
3513,2,2,124,1
3514,2,2,125,1
3515,2,2,126,0
3516,2,2,128,1
3517,2,2,129,1
3518,2,2,130,1
3519,2,2,131,1
3520,2,2,132,1
3521,2,2,137,1
3522,2,2,138,1
3523,2,2,139,1
3524,2,2,140,1
3525,2,2,142,1
3526,2,2,146,1
3527,2,2,147,1
3528,2,2,149,1
3529,2,2,153,1
3530,2,2,154,1
3531,2,2,156,1
3532,2,2,157,1
3533,2,2,158,1
3534,2,2,159,1
3535,2,2,160,1
3536,2,2,161,0
3537,2,2,162,1
3538,2,2,163,1
3539,2,2,164,1
3540,2,2,165,1
3541,2,2,166,1
3542,2,2,167,1
3543,2,2,168,1
3544,2,2,170,1
3545,2,2,171,1
3546,2,2,172,1
3547,2,2,174,1
3548,2,2,175,1
3549,2,2,176,1
3550,2,2,177,1
3551,2,2,178,1
3552,2,2,179,1
3553,2,2,180,1
3554,2,2,181,1
3555,2,2,182,1
3556,2,2,183,1
3557,2,2,184,1
3558,2,2,185,1
3559,2,2,186,1
3560,2,2,187,1
3561,2,2,188,1
3562,2,2,189,1
3563,2,2,190,1
3564,2,2,191,1
3565,2,2,192,1
3566,2,2,193,1
3567,2,2,194,1
3568,2,2,196,1
3569,2,2,197,1
3570,2,2,198,1
3571,2,3,1,1
3572,2,3,2,1
3573,2,3,3,0
3574,2,3,5,0
3575,2,3,9,0
3576,2,3,10,0
3577,2,3,12,0
3578,2,3,14,1
3579,2,3,15,1
3580,2,3,16,1
3581,2,3,18,1
3582,2,3,19,1
3583,2,3,20,1
3584,2,3,21,1
3585,2,3,23,1
3586,2,3,24,1
3587,2,3,25,1
3588,2,3,26,1
3589,2,3,28,1
3590,2,3,29,1
3591,2,3,31,1
3592,2,3,33,1
3593,2,3,35,1
3594,2,3,36,1
3595,2,3,37,0
3596,2,3,38,1
3597,2,3,39,1
3598,2,3,41,0
3599,2,3,43,1
3600,2,3,44,1
3601,2,3,45,1
3602,2,3,47,1
3603,2,3,48,1
3604,2,3,49,1
3605,2,3,50,1
3606,2,3,53,1
3607,2,3,54,1
3608,2,3,55,1
3609,2,3,56,1
3610,2,3,57,1
3611,2,3,58,1
3612,2,3,59,1
3613,2,3,61,1
3614,2,3,62,1
3615,2,3,63,1
3616,2,3,64,1
3617,2,3,68,1
3618,2,3,70,1
3619,2,3,71,1
3620,2,3,72,1
3621,2,3,73,1
3622,2,3,74,1
3623,2,3,75,1
3624,2,3,76,1
3625,2,3,77,1
3626,2,3,78,1
3627,2,3,79,1
3628,2,3,80,1
3629,2,3,81,1
3630,2,3,84,1
3631,2,3,87,1
3632,2,3,88,1
3633,2,3,89,1
3634,2,3,90,1
3635,2,3,92,1
3636,2,3,93,1
3637,2,3,95,1
3638,2,3,96,1
3639,2,3,99,1
3640,2,3,101,1
3641,2,3,102,1
3642,2,3,104,1
3643,2,3,105,1
3644,2,3,107,1
3645,2,3,108,1
3646,2,3,109,1
3647,2,3,110,1
3648,2,3,111,1
3649,2,3,114,1
3650,2,3,117,1
3651,2,3,118,1
3652,2,3,119,1
3653,2,3,120,1
3654,2,3,121,1
3655,2,3,122,1
3656,2,3,123,1
3657,2,3,125,1
3658,2,3,128,1
3659,2,3,130,1
3660,2,3,131,1
3661,2,3,132,1
3662,2,3,133,0
3663,2,3,134,1
3664,2,3,135,1
3665,2,3,138,1
3666,2,3,139,1
3667,2,3,141,0
3668,2,3,142,1
3669,2,3,143,0
3670,2,3,145,1
3671,2,3,146,1
3672,2,3,147,0
3673,2,3,148,1
3674,2,3,149,0
3675,2,3,150,1
3676,2,3,152,1
3677,2,3,153,1
3678,2,3,155,0
3679,2,3,156,1
3680,2,3,157,1
3681,2,3,158,1
3682,2,3,159,1
3683,2,3,161,1
3684,2,3,163,1
3685,2,3,164,1
3686,2,3,165,0
3687,2,3,167,1
3688,2,3,168,1
3689,2,3,169,1
3690,2,3,170,1
3691,2,3,171,0
3692,2,3,172,1
3693,2,3,173,1
3694,2,3,174,1
3695,2,3,175,1
3696,2,3,177,1
3697,2,3,178,1
3698,2,3,179,1
3699,2,3,181,1
3700,2,3,182,1
3701,2,3,183,1
3702,2,3,184,1
3703,2,3,185,1
3704,2,3,186,1
3705,2,3,187,1
3706,2,3,189,1
3707,2,3,190,1
3708,2,3,192,1
3709,2,3,193,1
3710,2,3,195,1
3711,2,3,196,1
3712,2,3,197,1
3713,2,3,198,1
3714,2,4,4,1
3715,2,4,5,1
3716,2,4,7,1
3717,2,4,8,1
3718,2,4,9,1
3719,2,4,10,1
3720,2,4,11,1
3721,2,4,12,1
3722,2,4,14,1
3723,2,4,16,1
3724,2,4,17,1
3725,2,4,18,1
3726,2,4,19,1
3727,2,4,20,1
3728,2,4,22,1
3729,2,4,23,1
3730,2,4,24,1
3731,2,4,25,1
3732,2,4,26,1
3733,2,4,29,1
3734,2,4,30,1
3735,2,4,31,1
3736,2,4,32,1
3737,2,4,33,1
3738,2,4,34,1
3739,2,4,35,1
3740,2,4,36,1
3741,2,4,39,1
3742,2,4,40,0
3743,2,4,41,1
3744,2,4,42,1
3745,2,4,43,1
3746,2,4,45,0
3747,2,4,46,1
3748,2,4,47,1
3749,2,4,48,1
3750,2,4,50,1
3751,2,4,51,1
3752,2,4,52,1
3753,2,4,53,1
3754,2,4,56,1
3755,2,4,58,1
3756,2,4,59,1
3757,2,4,60,1
3758,2,4,61,1
3759,2,4,62,1
3760,2,4,63,1
3761,2,4,64,1
3762,2,4,65,1
3763,2,4,66,1
3764,2,4,67,1
3765,2,4,68,1
3766,2,4,69,1
3767,2,4,70,1
3768,2,4,71,1
3769,2,4,72,1
3770,2,4,73,1
3771,2,4,75,1
3772,2,4,81,0
3773,2,4,82,1
3774,2,4,83,1
3775,2,4,84,1
3776,2,4,85,1
3777,2,4,86,1
3778,2,4,88,1
3779,2,4,89,1
3780,2,4,90,1
3781,2,4,92,1
3782,2,4,93,1
3783,2,4,97,1
3784,2,4,98,1
3785,2,4,99,1
3786,2,4,100,1
3787,2,4,101,1
3788,2,4,105,1
3789,2,4,107,1
3790,2,4,108,1
3791,2,4,110,1
3792,2,4,111,0
3793,2,4,112,1
3794,2,4,113,1
3795,2,4,116,1
3796,2,4,117,1
3797,2,4,119,1
3798,2,4,120,0
3799,2,4,122,1
3800,2,4,123,1
3801,2,4,124,1
3802,2,4,125,1
3803,2,4,126,1
3804,2,4,127,1
3805,2,4,128,1
3806,2,4,129,1
3807,2,4,130,1
3808,2,4,131,1
3809,2,4,132,1
3810,2,4,133,1
3811,2,4,134,1
3812,2,4,135,1
3813,2,4,136,1
3814,2,4,137,1
3815,2,4,138,1
3816,2,4,139,1
3817,2,4,140,1
3818,2,4,141,1
3819,2,4,143,1
3820,2,4,146,1
3821,2,4,148,1
3822,2,4,149,1
3823,2,4,150,1
3824,2,4,151,1
3825,2,4,153,1
3826,2,4,154,1
3827,2,4,155,1
3828,2,4,158,1
3829,2,4,160,1
3830,2,4,161,1
3831,2,4,162,1
3832,2,4,164,1
3833,2,4,166,1
3834,2,4,167,1
3835,2,4,168,1
3836,2,4,169,1
3837,2,4,170,1
3838,2,4,171,1
3839,2,4,172,1
3840,2,4,173,1
3841,2,4,174,1
3842,2,4,175,1
3843,2,4,177,1
3844,2,4,178,1
3845,2,4,179,1
3846,2,4,180,1
3847,2,4,182,1
3848,2,4,183,1
3849,2,4,184,1
3850,2,4,185,1
3851,2,4,186,1
3852,2,4,188,1
3853,2,4,190,1
3854,2,4,191,1
3855,2,4,192,1
3856,2,4,193,1
3857,2,4,194,1
3858,2,4,195,1
3859,2,4,196,1
3860,2,4,197,1
3861,2,5,0,1
3862,2,5,2,1
3863,2,5,3,0
3864,2,5,4,1
3865,2,5,5,0
3866,2,5,6,0
3867,2,5,7,0
3868,2,5,8,1
3869,2,5,9,1
3870,2,5,10,1
3871,2,5,11,0
3872,2,5,13,1
3873,2,5,14,0
3874,2,5,15,0
3875,2,5,19,0
3876,2,5,20,1
3877,2,5,21,1
3878,2,5,22,0
3879,2,5,23,0
3880,2,5,24,1
3881,2,5,25,0
3882,2,5,26,1
3883,2,5,27,0
3884,2,5,28,1
3885,2,5,29,0
3886,2,5,31,0
3887,2,5,32,1
3888,2,5,33,1
3889,2,5,34,1
3890,2,5,35,0
3891,2,5,36,0
3892,2,5,37,1
3893,2,5,38,1
3894,2,5,39,1
3895,2,5,40,0
3896,2,5,42,0
3897,2,5,44,0
3898,2,5,45,0
3899,2,5,46,0
3900,2,5,47,0
3901,2,5,52,1
3902,2,5,53,1
3903,2,5,54,1
3904,2,5,55,1
3905,2,5,56,1
3906,2,5,57,1
3907,2,5,59,1
3908,2,5,60,1
3909,2,5,61,1
3910,2,5,62,1
3911,2,5,64,1
3912,2,5,66,1
3913,2,5,67,1
3914,2,5,68,1
3915,2,5,72,1
3916,2,5,73,1
3917,2,5,75,1
3918,2,5,76,1
3919,2,5,77,1
3920,2,5,78,1
3921,2,5,79,1
3922,2,5,80,1
3923,2,5,81,1
3924,2,5,83,1
3925,2,5,84,1
3926,2,5,85,1
3927,2,5,87,1
3928,2,5,90,0
3929,2,5,91,1
3930,2,5,92,1
3931,2,5,93,1
3932,2,5,95,1
3933,2,5,96,1
3934,2,5,97,1
3935,2,5,98,1
3936,2,5,99,1
3937,2,5,100,1
3938,2,5,101,1
3939,2,5,102,1
3940,2,5,103,1
3941,2,5,104,1
3942,2,5,105,1
3943,2,5,109,1
3944,2,5,110,1
3945,2,5,111,1
3946,2,5,112,1
3947,2,5,114,1
3948,2,5,115,1
3949,2,5,117,1
3950,2,5,118,1
3951,2,5,119,1
3952,2,5,120,0
3953,2,5,122,1
3954,2,5,123,1
3955,2,5,124,1
3956,2,5,125,1
3957,2,5,126,1
3958,2,5,128,1
3959,2,5,129,1
3960,2,5,131,1
3961,2,5,132,1
3962,2,5,133,1
3963,2,5,135,1
3964,2,5,136,1
3965,2,5,137,1
3966,2,5,138,1
3967,2,5,139,1
3968,2,5,141,1
3969,2,5,142,1
3970,2,5,143,1
3971,2,5,145,1
3972,2,5,146,1
3973,2,5,147,1
3974,2,5,148,1
3975,2,5,149,1
3976,2,5,152,1
3977,2,5,153,1
3978,2,5,155,1
3979,2,5,156,1
3980,2,5,157,1
3981,2,5,158,1
3982,2,5,160,1
3983,2,5,161,1
3984,2,5,162,1
3985,2,5,163,1
3986,2,5,164,1
3987,2,5,165,1
3988,2,5,166,1
3989,2,5,167,1
3990,2,5,169,1
3991,2,5,171,1
3992,2,5,172,1
3993,2,5,173,1
3994,2,5,174,1
3995,2,5,176,1
3996,2,5,178,1
3997,2,5,179,1
3998,2,5,180,1
3999,2,5,181,1
4000,2,5,182,1
4001,2,5,183,1
4002,2,5,184,1
4003,2,5,185,1
4004,2,5,186,1
4005,2,5,188,1
4006,2,5,189,1
4007,2,5,190,1
4008,2,5,191,1
4009,2,5,192,1
4010,2,5,193,1
4011,2,5,194,1
4012,2,5,195,1
4013,2,5,196,1
4014,2,5,197,1
4015,2,5,199,1
4016,2,7,0,1
4017,2,7,3,1
4018,2,7,4,1
4019,2,7,5,1
4020,2,7,6,1
4021,2,7,7,1
4022,2,7,8,1
4023,2,7,9,1
4024,2,7,10,1
4025,2,7,11,1
4026,2,7,12,1
4027,2,7,13,1
4028,2,7,14,1
4029,2,7,15,1
4030,2,7,17,1
4031,2,7,18,1
4032,2,7,19,1
4033,2,7,20,1
4034,2,7,22,1
4035,2,7,23,1
4036,2,7,24,1
4037,2,7,26,1
4038,2,7,29,1
4039,2,7,30,1
4040,2,7,32,1
4041,2,7,33,1
4042,2,7,34,1
4043,2,7,35,1
4044,2,7,37,1
4045,2,7,40,1
4046,2,7,41,1
4047,2,7,44,1
4048,2,7,45,1
4049,2,7,46,1
4050,2,7,47,0
4051,2,7,48,1
4052,2,7,49,1
4053,2,7,51,0
4054,2,7,52,1
4055,2,7,53,1
4056,2,7,55,1
4057,2,7,57,1
4058,2,7,58,1
4059,2,7,59,1
4060,2,7,60,1
4061,2,7,61,1
4062,2,7,62,0
4063,2,7,64,1
4064,2,7,66,1
4065,2,7,67,0
4066,2,7,69,1
4067,2,7,70,1
4068,2,7,71,1
4069,2,7,72,1
4070,2,7,73,1
4071,2,7,76,0
4072,2,7,78,1
4073,2,7,80,1
4074,2,7,83,1
4075,2,7,84,1
4076,2,7,85,1
4077,2,7,86,1
4078,2,7,88,0
4079,2,7,89,1
4080,2,7,90,0
4081,2,7,91,1
4082,2,7,92,1
4083,2,7,93,1
4084,2,7,94,0
4085,2,7,95,1
4086,2,7,96,0
4087,2,7,97,1
4088,2,7,98,1
4089,2,7,99,1
4090,2,7,100,1
4091,2,7,101,1
4092,2,7,102,1
4093,2,7,103,1
4094,2,7,104,1
4095,2,7,105,1
4096,2,7,106,1
4097,2,7,107,1
4098,2,7,108,1
4099,2,7,109,1
4100,2,7,111,1
4101,2,7,113,1
4102,2,7,114,1
4103,2,7,115,1
4104,2,7,116,1
4105,2,7,117,1
4106,2,7,118,1
4107,2,7,119,1
4108,2,7,120,1
4109,2,7,121,1
4110,2,7,122,1
4111,2,7,124,1
4112,2,7,125,0
4113,2,7,126,1
4114,2,7,128,1
4115,2,7,130,1
4116,2,7,131,1
4117,2,7,132,1
4118,2,7,133,1
4119,2,7,134,1
4120,2,7,136,1
4121,2,7,138,1
4122,2,7,140,1
4123,2,7,141,1
4124,2,7,142,1
4125,2,7,143,1
4126,2,7,145,1
4127,2,7,147,1
4128,2,7,148,1
4129,2,7,152,0
4130,2,7,153,1
4131,2,7,154,1
4132,2,7,156,1
4133,2,7,159,1
4134,2,7,160,1
4135,2,7,161,1
4136,2,7,162,1
4137,2,7,163,1
4138,2,7,164,1
4139,2,7,165,1
4140,2,7,167,1
4141,2,7,168,1
4142,2,7,169,1
4143,2,7,170,1
4144,2,7,171,1
4145,2,7,174,1
4146,2,7,175,1
4147,2,7,176,0
4148,2,7,177,1
4149,2,7,178,1
4150,2,7,179,1
4151,2,7,180,1
4152,2,7,181,1
4153,2,7,182,1
4154,2,7,184,1
4155,2,7,185,1
4156,2,7,186,1
4157,2,7,187,1
4158,2,7,190,1
4159,2,7,192,1
4160,2,7,193,1
4161,2,7,194,1
4162,2,7,195,1
4163,2,7,196,1
4164,2,7,197,1
4165,2,7,198,1
4166,2,7,199,1
4167,2,8,0,0
4168,2,8,1,1
4169,2,8,2,1
4170,2,8,3,0
4171,2,8,4,0
4172,2,8,5,1
4173,2,8,6,1
4174,2,8,7,0
4175,2,8,8,1
4176,2,8,9,1
4177,2,8,10,1
4178,2,8,11,1
4179,2,8,12,1
4180,2,8,13,1
4181,2,8,15,1
4182,2,8,16,1
4183,2,8,17,1
4184,2,8,18,1
4185,2,8,19,1
4186,2,8,20,1
4187,2,8,21,0
4188,2,8,22,0
4189,2,8,23,1
4190,2,8,25,1
4191,2,8,26,1
4192,2,8,28,1
4193,2,8,29,1
4194,2,8,30,1
4195,2,8,31,1
4196,2,8,32,1
4197,2,8,33,1
4198,2,8,34,1
4199,2,8,36,1
4200,2,8,37,1
4201,2,8,39,1
4202,2,8,41,0
4203,2,8,42,0
4204,2,8,43,1
4205,2,8,44,1
4206,2,8,45,1
4207,2,8,46,1
4208,2,8,47,1
4209,2,8,50,1
4210,2,8,51,1
4211,2,8,52,1
4212,2,8,54,1
4213,2,8,55,1
4214,2,8,57,1
4215,2,8,58,1
4216,2,8,59,1
4217,2,8,60,1
4218,2,8,61,1
4219,2,8,62,1
4220,2,8,64,1
4221,2,8,65,1
4222,2,8,66,1
4223,2,8,67,1
4224,2,8,69,1
4225,2,8,70,1
4226,2,8,72,1
4227,2,8,73,1
4228,2,8,74,1
4229,2,8,76,1
4230,2,8,77,1
4231,2,8,79,1
4232,2,8,80,1
4233,2,8,81,1
4234,2,8,82,1
4235,2,8,83,1
4236,2,8,84,1
4237,2,8,85,0
4238,2,8,87,0
4239,2,8,88,1
4240,2,8,89,0
4241,2,8,90,1
4242,2,8,91,1
4243,2,8,92,1
4244,2,8,94,1
4245,2,8,95,1
4246,2,8,96,1
4247,2,8,99,1
4248,2,8,101,1
4249,2,8,102,1
4250,2,8,103,1
4251,2,8,104,1
4252,2,8,107,1
4253,2,8,110,1
4254,2,8,112,1
4255,2,8,113,1
4256,2,8,114,1
4257,2,8,116,1
4258,2,8,117,1
4259,2,8,118,1
4260,2,8,120,1
4261,2,8,121,1
4262,2,8,122,1
4263,2,8,123,1
4264,2,8,124,1
4265,2,8,125,1
4266,2,8,126,1
4267,2,8,127,1
4268,2,8,128,1
4269,2,8,129,1
4270,2,8,130,0
4271,2,8,131,1
4272,2,8,132,1
4273,2,8,133,1
4274,2,8,134,1
4275,2,8,135,1
4276,2,8,136,1
4277,2,8,137,1
4278,2,8,138,1
4279,2,8,139,1
4280,2,8,141,1
4281,2,8,142,0
4282,2,8,143,1
4283,2,8,144,0
4284,2,8,145,0
4285,2,8,146,1
4286,2,8,147,1
4287,2,8,149,1
4288,2,8,150,0
4289,2,8,151,1
4290,2,8,153,1
4291,2,8,155,0
4292,2,8,156,1
4293,2,8,157,1
4294,2,8,158,1
4295,2,8,160,1
4296,2,8,161,1
4297,2,8,162,1
4298,2,8,163,1
4299,2,8,164,0
4300,2,8,165,1
4301,2,8,168,1
4302,2,8,170,1
4303,2,8,171,0
4304,2,8,172,1
4305,2,8,173,0
4306,2,8,174,1
4307,2,8,176,1
4308,2,8,177,1
4309,2,8,178,1
4310,2,8,180,1
4311,2,8,181,1
4312,2,8,182,1
4313,2,8,184,1
4314,2,8,185,1
4315,2,8,186,1
4316,2,8,188,1
4317,2,8,189,1
4318,2,8,190,1
4319,2,8,191,1
4320,2,8,193,1
4321,2,8,194,1
4322,2,8,196,1
4323,2,8,197,1
4324,2,8,199,1
4325,2,9,0,0
4326,2,9,1,1
4327,2,9,2,1
4328,2,9,3,0
4329,2,9,4,1
4330,2,9,5,0
4331,2,9,6,1
4332,2,9,7,0
4333,2,9,8,1
4334,2,9,9,1
4335,2,9,10,1
4336,2,9,11,1
4337,2,9,12,1
4338,2,9,13,1
4339,2,9,14,0
4340,2,9,15,1
4341,2,9,16,1
4342,2,9,17,1
4343,2,9,19,1
4344,2,9,20,1
4345,2,9,21,1
4346,2,9,22,1
4347,2,9,23,1
4348,2,9,24,1
4349,2,9,25,1
4350,2,9,26,1
4351,2,9,27,1
4352,2,9,28,1
4353,2,9,29,1
4354,2,9,31,1
4355,2,9,32,1
4356,2,9,33,1
4357,2,9,35,1
4358,2,9,36,1
4359,2,9,37,1
4360,2,9,38,0
4361,2,9,39,1
4362,2,9,40,0
4363,2,9,41,1
4364,2,9,42,1
4365,2,9,43,1
4366,2,9,44,1
4367,2,9,45,1
4368,2,9,46,1
4369,2,9,47,0
4370,2,9,48,1
4371,2,9,50,1
4372,2,9,51,1
4373,2,9,52,1
4374,2,9,53,1
4375,2,9,56,1
4376,2,9,57,1
4377,2,9,59,1
4378,2,9,60,1
4379,2,9,61,1
4380,2,9,62,1
4381,2,9,64,1
4382,2,9,66,1
4383,2,9,67,1
4384,2,9,68,1
4385,2,9,70,1
4386,2,9,72,1
4387,2,9,73,1
4388,2,9,74,1
4389,2,9,75,1
4390,2,9,76,1
4391,2,9,78,1
4392,2,9,80,0
4393,2,9,81,1
4394,2,9,82,0
4395,2,9,83,1
4396,2,9,85,1
4397,2,9,86,1
4398,2,9,87,1
4399,2,9,88,0
4400,2,9,89,1
4401,2,9,91,1
4402,2,9,92,0
4403,2,9,93,1
4404,2,9,94,1
4405,2,9,95,1
4406,2,9,96,0
4407,2,9,97,1
4408,2,9,99,1
4409,2,9,100,0
4410,2,9,101,1
4411,2,9,102,1
4412,2,9,104,0
4413,2,9,105,1
4414,2,9,106,0
4415,2,9,107,0
4416,2,9,109,1
4417,2,9,110,1
4418,2,9,111,1
4419,2,9,112,1
4420,2,9,114,1
4421,2,9,115,0
4422,2,9,118,1
4423,2,9,119,1
4424,2,9,120,1
4425,2,9,122,0
4426,2,9,124,1
4427,2,9,125,0
4428,2,9,126,1
4429,2,9,129,0
4430,2,9,130,1
4431,2,9,133,0
4432,2,9,136,1
4433,2,9,137,0
4434,2,9,138,1
4435,2,9,139,0
4436,2,9,140,1
4437,2,9,141,0
4438,2,9,143,0
4439,2,9,144,1
4440,2,9,145,0
4441,2,9,147,0
4442,2,9,148,0
4443,2,9,149,0
4444,2,9,150,1
4445,2,9,152,0
4446,2,9,153,0
4447,2,9,154,1
4448,2,9,155,0
4449,2,9,156,0
4450,2,9,157,0
4451,2,9,158,0
4452,2,9,160,1
4453,2,9,161,1
4454,2,9,162,1
4455,2,9,163,0
4456,2,9,164,1
4457,2,9,165,1
4458,2,9,166,1
4459,2,9,167,1
4460,2,9,168,1
4461,2,9,169,1
4462,2,9,170,1
4463,2,9,173,0
4464,2,9,175,1
4465,2,9,176,1
4466,2,9,177,1
4467,2,9,178,0
4468,2,9,179,0
4469,2,9,183,0
4470,2,9,184,0
4471,2,9,185,1
4472,2,9,186,1
4473,2,9,188,1
4474,2,9,191,1
4475,2,9,192,1
4476,2,9,193,1
4477,2,9,194,1
4478,2,9,195,1
4479,2,9,196,1
4480,2,9,197,1
4481,2,9,198,1
4482,2,11,0,0
4483,2,11,1,1
4484,2,11,2,1
4485,2,11,3,1
4486,2,11,4,1
4487,2,11,6,1
4488,2,11,7,1
4489,2,11,8,1
4490,2,11,10,1
4491,2,11,11,1
4492,2,11,12,1
4493,2,11,13,1
4494,2,11,14,1
4495,2,11,15,1
4496,2,11,16,1
4497,2,11,17,1
4498,2,11,18,1
4499,2,11,19,1
4500,2,11,20,1
4501,2,11,22,1
4502,2,11,23,1
4503,2,11,25,1
4504,2,11,26,0
4505,2,11,33,1
4506,2,11,36,1
4507,2,11,37,1
4508,2,11,38,1
4509,2,11,39,1
4510,2,11,40,1
4511,2,11,41,1
4512,2,11,43,1
4513,2,11,46,1
4514,2,11,47,1
4515,2,11,48,1
4516,2,11,49,1
4517,2,11,51,1
4518,2,11,52,1
4519,2,11,55,1
4520,2,11,56,1
4521,2,11,57,1
4522,2,11,58,1
4523,2,11,59,1
4524,2,11,60,1
4525,2,11,61,1
4526,2,11,62,1
4527,2,11,63,1
4528,2,11,64,1
4529,2,11,66,1
4530,2,11,67,1
4531,2,11,68,1
4532,2,11,69,1
4533,2,11,70,1
4534,2,11,71,1
4535,2,11,72,1
4536,2,11,73,1
4537,2,11,74,1
4538,2,11,75,1
4539,2,11,76,1
4540,2,11,77,1
4541,2,11,78,1
4542,2,11,79,1
4543,2,11,80,1
4544,2,11,81,1
4545,2,11,82,1
4546,2,11,83,1
4547,2,11,84,0
4548,2,11,85,1
4549,2,11,86,1
4550,2,11,87,0
4551,2,11,88,0
4552,2,11,89,1
4553,2,11,90,0
4554,2,11,92,1
4555,2,11,93,0
4556,2,11,94,0
4557,2,11,95,0
4558,2,11,96,1
4559,2,11,97,1
4560,2,11,100,0
4561,2,11,101,1
4562,2,11,102,0
4563,2,11,104,0
4564,2,11,105,0
4565,2,11,106,0
4566,2,11,107,0
4567,2,11,108,1
4568,2,11,109,0
4569,2,11,110,1
4570,2,11,111,0
4571,2,11,112,0
4572,2,11,113,0
4573,2,11,114,1
4574,2,11,116,0
4575,2,11,117,0
4576,2,11,118,1
4577,2,11,120,0
4578,2,11,121,0
4579,2,11,122,0
4580,2,11,123,0
4581,2,11,124,1
4582,2,11,126,1
4583,2,11,129,1
4584,2,11,131,1
4585,2,11,133,0
4586,2,11,134,0
4587,2,11,135,0
4588,2,11,137,0
4589,2,11,138,1
4590,2,11,141,1
4591,2,11,142,1
4592,2,11,143,0
4593,2,11,144,0
4594,2,11,145,0
4595,2,11,146,0
4596,2,11,147,0
4597,2,11,148,1
4598,2,11,149,1
4599,2,11,151,0
4600,2,11,155,1
4601,2,11,156,0
4602,2,11,158,1
4603,2,11,160,1
4604,2,11,161,0
4605,2,11,162,1
4606,2,11,164,0
4607,2,11,165,0
4608,2,11,166,0
4609,2,11,167,0
4610,2,11,171,1
4611,2,11,173,1
4612,2,11,174,1
4613,2,11,175,1
4614,2,11,178,0
4615,2,11,180,0
4616,2,11,181,1
4617,2,11,182,0
4618,2,11,185,1
4619,2,11,186,0
4620,2,11,187,0
4621,2,11,188,1
4622,2,11,189,0
4623,2,11,192,0
4624,2,11,193,1
4625,2,11,194,1
4626,2,11,195,1
4627,2,11,196,0
4628,2,11,197,0
4629,2,17,0,0
4630,2,17,1,0
4631,2,17,2,1
4632,2,17,3,0
4633,2,17,4,0
4634,2,17,6,0
4635,2,17,7,1
4636,2,17,8,0
4637,2,17,9,1
4638,2,17,10,0
4639,2,17,11,0
4640,2,17,12,1
4641,2,17,13,0
4642,2,17,14,0
4643,2,17,17,1
4644,2,17,18,1
4645,2,17,19,0
4646,2,17,22,1
4647,2,17,23,0
4648,2,17,24,0
4649,2,17,25,1
4650,2,17,27,0
4651,2,17,28,0
4652,2,17,29,1
4653,2,17,30,1
4654,2,17,31,1
4655,2,17,32,1
4656,2,17,33,1
4657,2,17,34,0
4658,2,17,35,1
4659,2,17,36,1
4660,2,17,37,1
4661,2,17,39,1
4662,2,17,40,0
4663,2,17,41,1
4664,2,17,42,1
4665,2,17,43,1
4666,2,17,44,1
4667,2,17,45,1
4668,2,17,47,1
4669,2,17,48,1
4670,2,17,49,1
4671,2,17,50,1
4672,2,17,51,1
4673,2,17,52,1
4674,2,17,53,1
4675,2,17,54,1
4676,2,17,55,1
4677,2,17,57,1
4678,2,17,58,1
4679,2,17,59,1
4680,2,17,60,1
4681,2,17,62,1
4682,2,17,63,1
4683,2,17,64,1
4684,2,17,67,1
4685,2,17,68,1
4686,2,17,69,1
4687,2,17,70,1
4688,2,17,71,1
4689,2,17,72,1
4690,2,17,73,1
4691,2,17,74,1
4692,2,17,75,1
4693,2,17,77,1
4694,2,17,78,1
4695,2,17,79,1
4696,2,17,80,1
4697,2,17,81,0
4698,2,17,82,1
4699,2,17,83,1
4700,2,17,84,1
4701,2,17,85,1
4702,2,17,86,1
4703,2,17,88,1
4704,2,17,89,1
4705,2,17,90,1
4706,2,17,91,1
4707,2,17,93,1
4708,2,17,94,1
4709,2,17,95,0
4710,2,17,96,1
4711,2,17,97,1
4712,2,17,98,1
4713,2,17,99,1
4714,2,17,101,1
4715,2,17,102,1
4716,2,17,103,0
4717,2,17,104,1
4718,2,17,105,1
4719,2,17,107,1
4720,2,17,108,1
4721,2,17,109,1
4722,2,17,112,1
4723,2,17,113,1
4724,2,17,114,1
4725,2,17,115,1
4726,2,17,120,0
4727,2,17,121,1
4728,2,17,122,1
4729,2,17,124,1
4730,2,17,125,1
4731,2,17,127,1
4732,2,17,128,1
4733,2,17,129,1
4734,2,17,130,1
4735,2,17,131,1
4736,2,17,135,1
4737,2,17,138,0
4738,2,17,139,1
4739,2,17,140,1
4740,2,17,141,1
4741,2,17,142,1
4742,2,17,143,0
4743,2,17,144,1
4744,2,17,146,1
4745,2,17,147,1
4746,2,17,149,1
4747,2,17,150,1
4748,2,17,151,1
4749,2,17,152,1
4750,2,17,154,1
4751,2,17,155,1
4752,2,17,156,1
4753,2,17,157,1
4754,2,17,158,1
4755,2,17,159,1
4756,2,17,161,1
4757,2,17,164,1
4758,2,17,165,1
4759,2,17,166,0
4760,2,17,167,1
4761,2,17,168,0
4762,2,17,170,1
4763,2,17,171,1
4764,2,17,172,1
4765,2,17,173,1
4766,2,17,174,1
4767,2,17,175,1
4768,2,17,176,1
4769,2,17,177,1
4770,2,17,178,1
4771,2,17,181,1
4772,2,17,182,1
4773,2,17,183,1
4774,2,17,184,1
4775,2,17,188,1
4776,2,17,189,1
4777,2,17,190,1
4778,2,17,191,0
4779,2,17,192,1
4780,2,17,193,1
4781,2,17,194,0
4782,2,17,195,1
4783,2,17,198,1
4784,2,17,199,1
4785,2,18,0,1
4786,2,18,1,1
4787,2,18,2,1
4788,2,18,3,1
4789,2,18,4,1
4790,2,18,5,1
4791,2,18,6,1
4792,2,18,8,1
4793,2,18,9,1
4794,2,18,10,1
4795,2,18,11,1
4796,2,18,12,1
4797,2,18,14,1
4798,2,18,15,1
4799,2,18,17,1
4800,2,18,19,1
4801,2,18,20,1
4802,2,18,21,1
4803,2,18,22,1
4804,2,18,23,1
4805,2,18,25,1
4806,2,18,27,1
4807,2,18,29,1
4808,2,18,30,1
4809,2,18,31,1
4810,2,18,34,1
4811,2,18,35,1
4812,2,18,36,1
4813,2,18,37,1
4814,2,18,39,1
4815,2,18,41,1
4816,2,18,42,1
4817,2,18,43,1
4818,2,18,44,0
4819,2,18,45,0
4820,2,18,46,1
4821,2,18,47,1
4822,2,18,48,1
4823,2,18,49,1
4824,2,18,50,0
4825,2,18,53,1
4826,2,18,54,0
4827,2,18,56,1
4828,2,18,57,1
4829,2,18,58,0
4830,2,18,61,1
4831,2,18,62,0
4832,2,18,63,1
4833,2,18,65,1
4834,2,18,66,1
4835,2,18,67,1
4836,2,18,68,1
4837,2,18,69,1
4838,2,18,70,1
4839,2,18,71,1
4840,2,18,73,1
4841,2,18,75,1
4842,2,18,77,1
4843,2,18,78,1
4844,2,18,79,1
4845,2,18,81,1
4846,2,18,82,1
4847,2,18,83,1
4848,2,18,84,1
4849,2,18,86,1
4850,2,18,87,1
4851,2,18,88,1
4852,2,18,90,1
4853,2,18,91,1
4854,2,18,92,1
4855,2,18,94,1
4856,2,18,97,1
4857,2,18,98,1
4858,2,18,99,1
4859,2,18,100,1
4860,2,18,101,0
4861,2,18,102,1
4862,2,18,103,1
4863,2,18,104,1
4864,2,18,105,1
4865,2,18,106,1
4866,2,18,107,1
4867,2,18,108,1
4868,2,18,112,1
4869,2,18,113,1
4870,2,18,115,1
4871,2,18,116,1
4872,2,18,117,1
4873,2,18,118,1
4874,2,18,119,1
4875,2,18,120,1
4876,2,18,122,1
4877,2,18,125,1
4878,2,18,126,1
4879,2,18,127,1
4880,2,18,128,1
4881,2,18,129,1
4882,2,18,130,1
4883,2,18,131,1
4884,2,18,132,1
4885,2,18,134,1
4886,2,18,136,1
4887,2,18,137,1
4888,2,18,138,1
4889,2,18,139,1
4890,2,18,141,1
4891,2,18,146,1
4892,2,18,147,1
4893,2,18,148,1
4894,2,18,149,1
4895,2,18,150,1
4896,2,18,151,1
4897,2,18,152,1
4898,2,18,153,0
4899,2,18,154,1
4900,2,18,156,1
4901,2,18,158,1
4902,2,18,160,1
4903,2,18,161,1
4904,2,18,162,1
4905,2,18,163,1
4906,2,18,164,1
4907,2,18,166,1
4908,2,18,167,1
4909,2,18,169,1
4910,2,18,170,1
4911,2,18,171,1
4912,2,18,172,1
4913,2,18,173,1
4914,2,18,174,1
4915,2,18,175,1
4916,2,18,176,1
4917,2,18,177,1
4918,2,18,178,1
4919,2,18,181,1
4920,2,18,183,1
4921,2,18,184,1
4922,2,18,186,1
4923,2,18,187,1
4924,2,18,189,1
4925,2,18,191,1
4926,2,18,193,1
4927,2,18,196,1
4928,2,18,197,1
4929,2,18,198,0
4930,2,18,199,1
4931,2,20,0,1
4932,2,20,1,1
4933,2,20,2,1
4934,2,20,3,1
4935,2,20,4,1
4936,2,20,6,1
4937,2,20,7,1
4938,2,20,8,1
4939,2,20,9,1
4940,2,20,10,1
4941,2,20,11,1
4942,2,20,12,1
4943,2,20,13,1
4944,2,20,15,1
4945,2,20,18,1
4946,2,20,20,1
4947,2,20,21,1
4948,2,20,22,1
4949,2,20,23,1
4950,2,20,24,1
4951,2,20,25,1
4952,2,20,26,1
4953,2,20,27,1
4954,2,20,29,1
4955,2,20,30,1
4956,2,20,32,1
4957,2,20,33,1
4958,2,20,34,1
4959,2,20,35,1
4960,2,20,36,1
4961,2,20,37,1
4962,2,20,38,1
4963,2,20,39,1
4964,2,20,40,1
4965,2,20,41,0
4966,2,20,42,1
4967,2,20,43,1
4968,2,20,44,1
4969,2,20,45,1
4970,2,20,47,1
4971,2,20,49,1
4972,2,20,52,1
4973,2,20,53,1
4974,2,20,54,1
4975,2,20,55,1
4976,2,20,56,1
4977,2,20,57,1
4978,2,20,58,1
4979,2,20,59,1
4980,2,20,61,1
4981,2,20,62,1
4982,2,20,64,1
4983,2,20,65,1
4984,2,20,66,1
4985,2,20,67,1
4986,2,20,68,1
4987,2,20,69,1
4988,2,20,70,1
4989,2,20,71,1
4990,2,20,72,1
4991,2,20,73,1
4992,2,20,74,1
4993,2,20,79,1
4994,2,20,80,1
4995,2,20,84,1
4996,2,20,85,1
4997,2,20,86,1
4998,2,20,87,1
4999,2,20,88,1
5000,2,20,89,1
5001,2,20,90,1
5002,2,20,91,1
5003,2,20,92,0
5004,2,20,94,1
5005,2,20,95,1
5006,2,20,96,1
5007,2,20,97,0
5008,2,20,99,1
5009,2,20,100,1
5010,2,20,101,0
5011,2,20,102,1
5012,2,20,104,1
5013,2,20,105,1
5014,2,20,106,1
5015,2,20,107,1
5016,2,20,108,1
5017,2,20,109,1
5018,2,20,110,1
5019,2,20,113,1
5020,2,20,114,1
5021,2,20,115,1
5022,2,20,116,0
5023,2,20,117,1
5024,2,20,118,1
5025,2,20,119,1
5026,2,20,120,1
5027,2,20,121,1
5028,2,20,122,1
5029,2,20,123,1
5030,2,20,124,1
5031,2,20,125,1
5032,2,20,126,1
5033,2,20,127,1
5034,2,20,128,1
5035,2,20,129,1
5036,2,20,130,1
5037,2,20,131,1
5038,2,20,132,1
5039,2,20,133,1
5040,2,20,135,1
5041,2,20,136,0
5042,2,20,137,1
5043,2,20,139,1
5044,2,20,141,1
5045,2,20,142,1
5046,2,20,143,1
5047,2,20,144,0
5048,2,20,145,1
5049,2,20,146,0
5050,2,20,147,1
5051,2,20,149,1
5052,2,20,150,1
5053,2,20,151,1
5054,2,20,152,1
5055,2,20,153,1
5056,2,20,155,0
5057,2,20,156,1
5058,2,20,157,1
5059,2,20,158,1
5060,2,20,159,1
5061,2,20,160,1
5062,2,20,163,1
5063,2,20,167,1
5064,2,20,169,1
5065,2,20,172,1
5066,2,20,173,1
5067,2,20,174,1
5068,2,20,175,1
5069,2,20,176,1
5070,2,20,180,1
5071,2,20,182,1
5072,2,20,184,1
5073,2,20,185,1
5074,2,20,187,1
5075,2,20,188,1
5076,2,20,189,1
5077,2,20,190,1
5078,2,20,191,1
5079,2,20,192,1
5080,2,20,193,1
5081,2,20,194,1
5082,2,20,195,1
5083,2,20,198,1
5084,2,20,199,1
5085,2,25,0,0
5086,2,25,1,0
5087,2,25,2,0
5088,2,25,3,1
5089,2,25,4,1
5090,2,25,5,1
5091,2,25,7,1
5092,2,25,8,1
5093,2,25,10,1
5094,2,25,11,0
5095,2,25,12,1
5096,2,25,13,1
5097,2,25,14,1
5098,2,25,15,1
5099,2,25,16,1
5100,2,25,17,1
5101,2,25,18,1
5102,2,25,19,1
5103,2,25,20,1
5104,2,25,21,1
5105,2,25,22,1
5106,2,25,23,1
5107,2,25,25,1
5108,2,25,26,1
5109,2,25,27,1
5110,2,25,28,1
5111,2,25,29,0
5112,2,25,30,1
5113,2,25,31,1
5114,2,25,32,1
5115,2,25,33,1
5116,2,25,35,1
5117,2,25,37,1
5118,2,25,38,1
5119,2,25,39,1
5120,2,25,42,0
5121,2,25,43,1
5122,2,25,44,1
5123,2,25,45,1
5124,2,25,47,1
5125,2,25,48,1
5126,2,25,49,1
5127,2,25,50,1
5128,2,25,51,1
5129,2,25,53,1
5130,2,25,55,1
5131,2,25,56,1
5132,2,25,57,1
5133,2,25,58,1
5134,2,25,59,1
5135,2,25,60,1
5136,2,25,61,1
5137,2,25,62,1
5138,2,25,63,1
5139,2,25,66,1
5140,2,25,67,1
5141,2,25,68,1
5142,2,25,71,1
5143,2,25,72,1
5144,2,25,74,1
5145,2,25,76,1
5146,2,25,78,1
5147,2,25,80,1
5148,2,25,81,1
5149,2,25,82,0
5150,2,25,83,1
5151,2,25,84,1
5152,2,25,85,1
5153,2,25,86,1
5154,2,25,87,1
5155,2,25,88,1
5156,2,25,89,1
5157,2,25,90,1
5158,2,25,92,1
5159,2,25,95,1
5160,2,25,96,1
5161,2,25,97,1
5162,2,25,98,1
5163,2,25,100,0
5164,2,25,101,1
5165,2,25,102,1
5166,2,25,103,1
5167,2,25,104,1
5168,2,25,105,1
5169,2,25,106,1
5170,2,25,109,1
5171,2,25,111,1
5172,2,25,112,1
5173,2,25,113,1
5174,2,25,115,1
5175,2,25,116,1
5176,2,25,118,1
5177,2,25,119,1
5178,2,25,120,1
5179,2,25,121,1
5180,2,25,122,1
5181,2,25,123,1
5182,2,25,124,1
5183,2,25,127,1
5184,2,25,128,0
5185,2,25,129,1
5186,2,25,131,1
5187,2,25,133,1
5188,2,25,135,0
5189,2,25,136,1
5190,2,25,137,1
5191,2,25,138,1
5192,2,25,139,1
5193,2,25,140,1
5194,2,25,142,1
5195,2,25,143,0
5196,2,25,144,1
5197,2,25,145,1
5198,2,25,147,0
5199,2,25,148,1
5200,2,25,149,1
5201,2,25,150,1
5202,2,25,151,1
5203,2,25,152,1
5204,2,25,153,1
5205,2,25,154,1
5206,2,25,156,1
5207,2,25,158,1
5208,2,25,159,1
5209,2,25,160,1
5210,2,25,161,1
5211,2,25,163,1
5212,2,25,164,1
5213,2,25,165,1
5214,2,25,166,1
5215,2,25,167,1
5216,2,25,168,1
5217,2,25,169,1
5218,2,25,171,1
5219,2,25,172,1
5220,2,25,173,1
5221,2,25,174,1
5222,2,25,175,1
5223,2,25,176,1
5224,2,25,177,1
5225,2,25,179,1
5226,2,25,180,1
5227,2,25,181,1
5228,2,25,183,1
5229,2,25,184,1
5230,2,25,185,1
5231,2,25,186,1
5232,2,25,187,1
5233,2,25,188,1
5234,2,25,190,1
5235,2,25,192,1
5236,2,25,193,1
5237,2,25,195,1
5238,2,25,196,1
5239,2,25,199,1
5240,2,35,0,0
5241,2,35,1,0
5242,2,35,2,0
5243,2,35,4,0
5244,2,35,5,1
5245,2,35,6,0
5246,2,35,7,1
5247,2,35,8,1
5248,2,35,9,1
5249,2,35,10,1
5250,2,35,12,1
5251,2,35,14,0
5252,2,35,15,1
5253,2,35,16,1
5254,2,35,18,1
5255,2,35,20,1
5256,2,35,21,1
5257,2,35,22,1
5258,2,35,23,1
5259,2,35,24,1
5260,2,35,25,1
5261,2,35,26,1
5262,2,35,27,1
5263,2,35,28,0
5264,2,35,29,1
5265,2,35,30,1
5266,2,35,31,1
5267,2,35,35,0
5268,2,35,37,1
5269,2,35,38,1
5270,2,35,39,1
5271,2,35,40,0
5272,2,35,41,0
5273,2,35,42,1
5274,2,35,43,1
5275,2,35,44,1
5276,2,35,45,1
5277,2,35,46,1
5278,2,35,47,1
5279,2,35,48,1
5280,2,35,49,1
5281,2,35,50,1
5282,2,35,52,1
5283,2,35,55,1
5284,2,35,56,1
5285,2,35,58,1
5286,2,35,59,1
5287,2,35,62,1
5288,2,35,63,1
5289,2,35,64,1
5290,2,35,65,1
5291,2,35,66,1
5292,2,35,67,1
5293,2,35,68,1
5294,2,35,69,1
5295,2,35,70,1
5296,2,35,71,1
5297,2,35,72,1
5298,2,35,73,1
5299,2,35,74,1
5300,2,35,75,1
5301,2,35,76,1
5302,2,35,77,1
5303,2,35,79,1
5304,2,35,80,1
5305,2,35,82,1
5306,2,35,84,1
5307,2,35,85,1
5308,2,35,87,1
5309,2,35,88,1
5310,2,35,89,1
5311,2,35,90,1
5312,2,35,91,1
5313,2,35,92,1
5314,2,35,93,1
5315,2,35,94,1
5316,2,35,97,1
5317,2,35,98,1
5318,2,35,99,1
5319,2,35,101,1
5320,2,35,102,1
5321,2,35,104,1
5322,2,35,105,1
5323,2,35,106,1
5324,2,35,107,1
5325,2,35,108,1
5326,2,35,109,0
5327,2,35,110,1
5328,2,35,111,1
5329,2,35,112,1
5330,2,35,115,1
5331,2,35,116,1
5332,2,35,117,1
5333,2,35,118,1
5334,2,35,120,1
5335,2,35,122,1
5336,2,35,123,1
5337,2,35,124,1
5338,2,35,125,1
5339,2,35,126,1
5340,2,35,127,1
5341,2,35,128,0
5342,2,35,130,1
5343,2,35,131,1
5344,2,35,132,1
5345,2,35,134,1
5346,2,35,135,1
5347,2,35,136,0
5348,2,35,138,1
5349,2,35,139,1
5350,2,35,141,1
5351,2,35,142,1
5352,2,35,143,1
5353,2,35,144,1
5354,2,35,145,1
5355,2,35,146,1
5356,2,35,148,1
5357,2,35,149,1
5358,2,35,150,1
5359,2,35,151,1
5360,2,35,152,1
5361,2,35,153,1
5362,2,35,154,1
5363,2,35,156,1
5364,2,35,157,1
5365,2,35,159,1
5366,2,35,161,1
5367,2,35,162,1
5368,2,35,164,1
5369,2,35,165,1
5370,2,35,166,1
5371,2,35,167,1
5372,2,35,169,1
5373,2,35,170,1
5374,2,35,171,1
5375,2,35,172,1
5376,2,35,173,1
5377,2,35,174,1
5378,2,35,175,1
5379,2,35,178,1
5380,2,35,179,1
5381,2,35,180,1
5382,2,35,181,1
5383,2,35,182,1
5384,2,35,184,1
5385,2,35,185,1
5386,2,35,187,1
5387,2,35,188,1
5388,2,35,189,1
5389,2,35,190,1
5390,2,35,191,1
5391,2,35,192,1
5392,2,35,193,1
5393,2,35,194,1
5394,2,35,195,1
5395,2,35,199,1
5396,2,39,0,1
5397,2,39,1,1
5398,2,39,2,1
5399,2,39,4,1
5400,2,39,5,1
5401,2,39,6,1
5402,2,39,7,1
5403,2,39,8,1
5404,2,39,12,1
5405,2,39,13,1
5406,2,39,14,1
5407,2,39,15,1
5408,2,39,18,1
5409,2,39,20,1
5410,2,39,21,1
5411,2,39,22,1
5412,2,39,23,1
5413,2,39,26,1
5414,2,39,28,1
5415,2,39,29,1
5416,2,39,30,1
5417,2,39,31,1
5418,2,39,32,1
5419,2,39,33,1
5420,2,39,34,1
5421,2,39,35,1
5422,2,39,36,1
5423,2,39,37,1
5424,2,39,38,1
5425,2,39,39,1
5426,2,39,40,1
5427,2,39,41,0
5428,2,39,42,0
5429,2,39,43,1
5430,2,39,45,1
5431,2,39,46,1
5432,2,39,47,1
5433,2,39,48,1
5434,2,39,49,1
5435,2,39,50,1
5436,2,39,51,1
5437,2,39,52,1
5438,2,39,54,1
5439,2,39,55,1
5440,2,39,56,1
5441,2,39,58,1
5442,2,39,59,1
5443,2,39,61,1
5444,2,39,65,1
5445,2,39,66,1
5446,2,39,67,1
5447,2,39,68,1
5448,2,39,69,1
5449,2,39,70,1
5450,2,39,71,1
5451,2,39,72,1
5452,2,39,74,1
5453,2,39,75,1
5454,2,39,79,1
5455,2,39,81,1
5456,2,39,82,1
5457,2,39,83,1
5458,2,39,84,1
5459,2,39,85,1
5460,2,39,88,1
5461,2,39,89,1
5462,2,39,92,1
5463,2,39,94,1
5464,2,39,95,1
5465,2,39,98,1
5466,2,39,99,1
5467,2,39,100,1
5468,2,39,101,1
5469,2,39,102,1
5470,2,39,103,1
5471,2,39,104,1
5472,2,39,105,1
5473,2,39,106,1
5474,2,39,108,1
5475,2,39,109,0
5476,2,39,110,1
5477,2,39,111,1
5478,2,39,113,1
5479,2,39,114,0
5480,2,39,115,1
5481,2,39,116,0
5482,2,39,118,1
5483,2,39,121,1
5484,2,39,122,1
5485,2,39,123,1
5486,2,39,124,1
5487,2,39,128,1
5488,2,39,129,1
5489,2,39,130,1
5490,2,39,131,1
5491,2,39,132,1
5492,2,39,133,1
5493,2,39,134,1
5494,2,39,135,1
5495,2,39,136,1
5496,2,39,139,1
5497,2,39,140,1
5498,2,39,141,1
5499,2,39,142,1
5500,2,39,143,1
5501,2,39,144,1
5502,2,39,145,0
5503,2,39,146,1
5504,2,39,148,1
5505,2,39,155,1
5506,2,39,156,1
5507,2,39,157,1
5508,2,39,158,1
5509,2,39,159,1
5510,2,39,160,1
5511,2,39,161,1
5512,2,39,162,1
5513,2,39,163,1
5514,2,39,164,1
5515,2,39,165,1
5516,2,39,166,1
5517,2,39,167,1
5518,2,39,169,1
5519,2,39,171,1
5520,2,39,174,1
5521,2,39,175,1
5522,2,39,176,1
5523,2,39,178,1
5524,2,39,180,1
5525,2,39,181,1
5526,2,39,182,1
5527,2,39,183,1
5528,2,39,185,1
5529,2,39,186,1
5530,2,39,187,1
5531,2,39,188,1
5532,2,39,189,1
5533,2,39,190,1
5534,2,39,191,1
5535,2,39,192,1
5536,2,39,193,1
5537,2,39,197,1
5538,2,39,198,1
5539,2,39,199,1
5540,2,40,1,0
5541,2,40,2,0
5542,2,40,4,1
5543,2,40,5,1
5544,2,40,6,0
5545,2,40,7,1
5546,2,40,8,1
5547,2,40,10,1
5548,2,40,11,1
5549,2,40,12,1
5550,2,40,14,1
5551,2,40,15,1
5552,2,40,16,1
5553,2,40,17,1
5554,2,40,18,1
5555,2,40,19,1
5556,2,40,20,1
5557,2,40,21,1
5558,2,40,22,1
5559,2,40,24,1
5560,2,40,25,1
5561,2,40,26,1
5562,2,40,27,1
5563,2,40,28,1
5564,2,40,29,1
5565,2,40,30,1
5566,2,40,31,1
5567,2,40,32,1
5568,2,40,33,1
5569,2,40,34,1
5570,2,40,35,1
5571,2,40,36,1
5572,2,40,37,1
5573,2,40,38,1
5574,2,40,39,1
5575,2,40,40,0
5576,2,40,41,1
5577,2,40,43,0
5578,2,40,44,1
5579,2,40,45,1
5580,2,40,46,1
5581,2,40,48,1
5582,2,40,49,1
5583,2,40,50,1
5584,2,40,51,1
5585,2,40,54,1
5586,2,40,55,1
5587,2,40,59,1
5588,2,40,60,1
5589,2,40,62,1
5590,2,40,64,1
5591,2,40,66,1
5592,2,40,67,1
5593,2,40,68,1
5594,2,40,69,1
5595,2,40,70,1
5596,2,40,71,1
5597,2,40,72,1
5598,2,40,73,1
5599,2,40,76,1
5600,2,40,77,1
5601,2,40,80,1
5602,2,40,81,1
5603,2,40,82,1
5604,2,40,84,1
5605,2,40,85,1
5606,2,40,86,1
5607,2,40,87,0
5608,2,40,88,1
5609,2,40,90,1
5610,2,40,91,1
5611,2,40,92,1
5612,2,40,93,1
5613,2,40,94,1
5614,2,40,95,1
5615,2,40,97,1
5616,2,40,98,1
5617,2,40,99,1
5618,2,40,100,1
5619,2,40,104,1
5620,2,40,108,1
5621,2,40,111,1
5622,2,40,112,1
5623,2,40,113,1
5624,2,40,114,1
5625,2,40,115,1
5626,2,40,116,1
5627,2,40,118,1
5628,2,40,119,1
5629,2,40,121,1
5630,2,40,122,1
5631,2,40,123,1
5632,2,40,124,1
5633,2,40,126,1
5634,2,40,127,1
5635,2,40,129,1
5636,2,40,130,1
5637,2,40,132,1
5638,2,40,133,1
5639,2,40,134,1
5640,2,40,135,1
5641,2,40,136,1
5642,2,40,138,1
5643,2,40,139,1
5644,2,40,140,1
5645,2,40,141,1
5646,2,40,143,1
5647,2,40,144,1
5648,2,40,145,1
5649,2,40,146,1
5650,2,40,147,1
5651,2,40,148,1
5652,2,40,149,1
5653,2,40,150,1
5654,2,40,151,1
5655,2,40,152,1
5656,2,40,153,1
5657,2,40,154,1
5658,2,40,155,1
5659,2,40,157,1
5660,2,40,158,1
5661,2,40,160,1
5662,2,40,162,1
5663,2,40,164,1
5664,2,40,166,1
5665,2,40,168,1
5666,2,40,170,1
5667,2,40,171,1
5668,2,40,172,1
5669,2,40,173,1
5670,2,40,174,1
5671,2,40,175,1
5672,2,40,176,1
5673,2,40,177,1
5674,2,40,178,1
5675,2,40,179,1
5676,2,40,182,1
5677,2,40,183,1
5678,2,40,184,1
5679,2,40,185,1
5680,2,40,186,1
5681,2,40,189,1
5682,2,40,190,1
5683,2,40,191,1
5684,2,40,194,1
5685,2,40,195,1
5686,2,40,196,1
5687,2,40,197,1
5688,2,40,198,1
5689,2,40,199,0
5690,2,42,0,0
5691,2,42,1,1
5692,2,42,2,1
5693,2,42,3,1
5694,2,42,6,0
5695,2,42,8,1
5696,2,42,9,1
5697,2,42,10,1
5698,2,42,11,1
5699,2,42,12,0
5700,2,42,16,0
5701,2,42,17,1
5702,2,42,18,1
5703,2,42,19,0
5704,2,42,20,1
5705,2,42,21,0
5706,2,42,23,1
5707,2,42,24,0
5708,2,42,25,0
5709,2,42,27,1
5710,2,42,28,0
5711,2,42,29,1
5712,2,42,30,0
5713,2,42,31,1
5714,2,42,32,1
5715,2,42,33,0
5716,2,42,34,1
5717,2,42,35,0
5718,2,42,36,0
5719,2,42,37,0
5720,2,42,38,1
5721,2,42,39,1
5722,2,42,40,0
5723,2,42,42,1
5724,2,42,43,1
5725,2,42,44,1
5726,2,42,45,0
5727,2,42,46,0
5728,2,42,47,1
5729,2,42,49,1
5730,2,42,50,1
5731,2,42,51,1
5732,2,42,52,1
5733,2,42,53,1
5734,2,42,54,1
5735,2,42,55,1
5736,2,42,56,1
5737,2,42,58,1
5738,2,42,60,1
5739,2,42,61,1
5740,2,42,63,1
5741,2,42,64,1
5742,2,42,65,1
5743,2,42,66,1
5744,2,42,68,1
5745,2,42,69,1
5746,2,42,70,1
5747,2,42,71,1
5748,2,42,72,1
5749,2,42,74,1
5750,2,42,75,1
5751,2,42,76,1
5752,2,42,77,1
5753,2,42,78,1
5754,2,42,80,0
5755,2,42,81,1
5756,2,42,83,0
5757,2,42,84,1
5758,2,42,85,0
5759,2,42,86,1
5760,2,42,88,1
5761,2,42,89,1
5762,2,42,90,1
5763,2,42,91,1
5764,2,42,92,1
5765,2,42,93,1
5766,2,42,95,0
5767,2,42,96,1
5768,2,42,99,1
5769,2,42,100,1
5770,2,42,101,1
5771,2,42,102,1
5772,2,42,103,1
5773,2,42,104,1
5774,2,42,105,1
5775,2,42,106,1
5776,2,42,107,0
5777,2,42,108,1
5778,2,42,109,0
5779,2,42,110,1
5780,2,42,111,0
5781,2,42,112,1
5782,2,42,114,1
5783,2,42,116,1
5784,2,42,117,1
5785,2,42,119,1
5786,2,42,121,0
5787,2,42,122,1
5788,2,42,124,1
5789,2,42,125,1
5790,2,42,126,1
5791,2,42,127,0
5792,2,42,128,1
5793,2,42,129,0
5794,2,42,130,1
5795,2,42,131,0
5796,2,42,132,1
5797,2,42,133,0
5798,2,42,135,0
5799,2,42,137,0
5800,2,42,138,1
5801,2,42,139,1
5802,2,42,140,0
5803,2,42,142,1
5804,2,42,144,1
5805,2,42,147,0
5806,2,42,149,0
5807,2,42,152,0
5808,2,42,153,1
5809,2,42,154,1
5810,2,42,155,0
5811,2,42,156,0
5812,2,42,158,0
5813,2,42,159,1
5814,2,42,160,0
5815,2,42,161,1
5816,2,42,162,0
5817,2,42,164,1
5818,2,42,166,0
5819,2,42,168,0
5820,2,42,169,1
5821,2,42,172,0
5822,2,42,173,1
5823,2,42,176,0
5824,2,42,178,0
5825,2,42,179,0
5826,2,42,180,1
5827,2,42,182,0
5828,2,42,183,1
5829,2,42,184,0
5830,2,42,187,0
5831,2,42,188,1
5832,2,42,190,0
5833,2,42,192,1
5834,2,42,193,1
5835,2,42,195,1
5836,2,42,196,1
5837,2,42,197,1
5838,2,42,198,0
5839,2,42,199,1
5840,2,45,1,1
5841,2,45,2,1
5842,2,45,4,1
5843,2,45,5,1
5844,2,45,6,1
5845,2,45,8,1
5846,2,45,9,1
5847,2,45,10,1
5848,2,45,11,1
5849,2,45,12,1
5850,2,45,15,1
5851,2,45,16,1
5852,2,45,18,1
5853,2,45,19,1
5854,2,45,20,1
5855,2,45,22,1
5856,2,45,23,1
5857,2,45,24,1
5858,2,45,25,1
5859,2,45,27,1
5860,2,45,28,1
5861,2,45,29,1
5862,2,45,30,0
5863,2,45,31,1
5864,2,45,32,1
5865,2,45,33,1
5866,2,45,34,1
5867,2,45,35,1
5868,2,45,36,1
5869,2,45,37,1
5870,2,45,38,1
5871,2,45,39,1
5872,2,45,40,1
5873,2,45,41,0
5874,2,45,42,0
5875,2,45,43,1
5876,2,45,44,1
5877,2,45,46,1
5878,2,45,47,1
5879,2,45,48,1
5880,2,45,50,1
5881,2,45,52,1
5882,2,45,53,1
5883,2,45,54,1
5884,2,45,55,1
5885,2,45,56,1
5886,2,45,57,1
5887,2,45,58,1
5888,2,45,59,1
5889,2,45,60,1
5890,2,45,62,1
5891,2,45,65,1
5892,2,45,66,1
5893,2,45,67,1
5894,2,45,68,1
5895,2,45,69,1
5896,2,45,70,1
5897,2,45,71,1
5898,2,45,72,1
5899,2,45,73,1
5900,2,45,74,1
5901,2,45,76,1
5902,2,45,78,1
5903,2,45,79,1
5904,2,45,80,1
5905,2,45,81,1
5906,2,45,82,1
5907,2,45,83,1
5908,2,45,85,1
5909,2,45,87,1
5910,2,45,88,1
5911,2,45,90,1
5912,2,45,93,1
5913,2,45,94,1
5914,2,45,97,1
5915,2,45,98,1
5916,2,45,99,1
5917,2,45,100,1
5918,2,45,101,1
5919,2,45,102,1
5920,2,45,103,1
5921,2,45,104,1
5922,2,45,105,1
5923,2,45,106,1
5924,2,45,107,1
5925,2,45,108,1
5926,2,45,109,1
5927,2,45,110,1
5928,2,45,111,1
5929,2,45,113,1
5930,2,45,114,1
5931,2,45,116,1
5932,2,45,117,1
5933,2,45,118,1
5934,2,45,119,1
5935,2,45,120,1
5936,2,45,121,1
5937,2,45,122,1
5938,2,45,124,1
5939,2,45,125,1
5940,2,45,126,1
5941,2,45,128,1
5942,2,45,129,1
5943,2,45,132,1
5944,2,45,133,1
5945,2,45,134,1
5946,2,45,135,1
5947,2,45,136,1
5948,2,45,137,1
5949,2,45,139,1
5950,2,45,140,1
5951,2,45,141,1
5952,2,45,145,1
5953,2,45,146,1
5954,2,45,148,1
5955,2,45,149,1
5956,2,45,150,1
5957,2,45,151,1
5958,2,45,152,1
5959,2,45,153,1
5960,2,45,154,1
5961,2,45,155,1
5962,2,45,156,1
5963,2,45,157,1
5964,2,45,158,1
5965,2,45,159,1
5966,2,45,160,1
5967,2,45,162,1
5968,2,45,163,1
5969,2,45,164,1
5970,2,45,165,1
5971,2,45,166,1
5972,2,45,167,1
5973,2,45,168,1
5974,2,45,169,1
5975,2,45,170,1
5976,2,45,171,1
5977,2,45,172,1
5978,2,45,173,1
5979,2,45,174,1
5980,2,45,176,1
5981,2,45,177,1
5982,2,45,178,1
5983,2,45,179,1
5984,2,45,180,1
5985,2,45,181,1
5986,2,45,183,1
5987,2,45,184,1
5988,2,45,185,1
5989,2,45,187,1
5990,2,45,189,1
5991,2,45,191,1
5992,2,45,193,1
5993,2,45,194,1
5994,2,45,197,1
5995,2,45,199,1
5996,2,47,1,0
5997,2,47,3,1
5998,2,47,4,1
5999,2,47,5,1
6000,2,47,6,1
6001,2,47,8,1
6002,2,47,9,1
6003,2,47,10,1
6004,2,47,12,1
6005,2,47,13,1
6006,2,47,14,1
6007,2,47,15,1
6008,2,47,16,1
6009,2,47,18,1
6010,2,47,19,1
6011,2,47,21,1
6012,2,47,22,1
6013,2,47,24,1
6014,2,47,25,1
6015,2,47,27,1
6016,2,47,28,1
6017,2,47,31,1
6018,2,47,32,1
6019,2,47,34,1
6020,2,47,36,1
6021,2,47,38,1
6022,2,47,39,1
6023,2,47,41,1
6024,2,47,43,1
6025,2,47,44,1
6026,2,47,45,1
6027,2,47,47,1
6028,2,47,48,1
6029,2,47,49,1
6030,2,47,51,1
6031,2,47,52,1
6032,2,47,54,1
6033,2,47,55,1
6034,2,47,56,1
6035,2,47,57,1
6036,2,47,58,1
6037,2,47,59,1
6038,2,47,60,1
6039,2,47,61,1
6040,2,47,62,1
6041,2,47,63,1
6042,2,47,64,1
6043,2,47,65,1
6044,2,47,68,1
6045,2,47,69,1
6046,2,47,70,1
6047,2,47,71,1
6048,2,47,72,1
6049,2,47,73,1
6050,2,47,74,1
6051,2,47,75,1
6052,2,47,76,1
6053,2,47,78,1
6054,2,47,79,1
6055,2,47,81,1
6056,2,47,82,1
6057,2,47,83,1
6058,2,47,84,1
6059,2,47,85,1
6060,2,47,86,1
6061,2,47,87,1
6062,2,47,88,1
6063,2,47,89,1
6064,2,47,91,1
6065,2,47,92,1
6066,2,47,93,1
6067,2,47,96,1
6068,2,47,97,1
6069,2,47,99,1
6070,2,47,100,1
6071,2,47,101,1
6072,2,47,102,1
6073,2,47,105,1
6074,2,47,107,1
6075,2,47,108,1
6076,2,47,109,1
6077,2,47,112,1
6078,2,47,113,1
6079,2,47,114,1
6080,2,47,115,1
6081,2,47,116,1
6082,2,47,118,1
6083,2,47,119,1
6084,2,47,121,1
6085,2,47,122,1
6086,2,47,124,1
6087,2,47,125,1
6088,2,47,126,1
6089,2,47,127,1
6090,2,47,128,1
6091,2,47,129,1
6092,2,47,130,1
6093,2,47,131,1
6094,2,47,132,1
6095,2,47,133,1
6096,2,47,134,1
6097,2,47,137,1
6098,2,47,138,1
6099,2,47,139,1
6100,2,47,140,1
6101,2,47,141,1
6102,2,47,142,1
6103,2,47,144,1
6104,2,47,145,1
6105,2,47,146,1
6106,2,47,147,1
6107,2,47,153,1
6108,2,47,154,1
6109,2,47,156,1
6110,2,47,157,1
6111,2,47,158,1
6112,2,47,159,1
6113,2,47,160,1
6114,2,47,161,0
6115,2,47,162,1
6116,2,47,163,1
6117,2,47,166,1
6118,2,47,167,0
6119,2,47,168,1
6120,2,47,169,1
6121,2,47,170,1
6122,2,47,171,1
6123,2,47,173,1
6124,2,47,174,1
6125,2,47,177,1
6126,2,47,178,1
6127,2,47,179,1
6128,2,47,181,1
6129,2,47,182,1
6130,2,47,183,1
6131,2,47,184,1
6132,2,47,185,1
6133,2,47,186,1
6134,2,47,187,1
6135,2,47,189,1
6136,2,47,190,1
6137,2,47,191,1
6138,2,47,192,1
6139,2,47,194,1
6140,2,47,195,1
6141,2,47,196,1
6142,2,47,197,1
6143,2,47,198,1
6144,2,47,199,1
6145,2,50,1,1
6146,2,50,2,1
6147,2,50,3,1
6148,2,50,4,1
6149,2,50,5,1
6150,2,50,6,1
6151,2,50,8,1
6152,2,50,10,1
6153,2,50,12,1
6154,2,50,13,1
6155,2,50,14,1
6156,2,50,15,1
6157,2,50,18,1
6158,2,50,20,1
6159,2,50,21,1
6160,2,50,22,1
6161,2,50,23,1
6162,2,50,25,1
6163,2,50,26,1
6164,2,50,27,1
6165,2,50,28,1
6166,2,50,29,1
6167,2,50,30,1
6168,2,50,32,1
6169,2,50,34,1
6170,2,50,35,1
6171,2,50,36,1
6172,2,50,37,1
6173,2,50,38,1
6174,2,50,39,1
6175,2,50,41,1
6176,2,50,42,1
6177,2,50,43,1
6178,2,50,44,1
6179,2,50,45,1
6180,2,50,46,1
6181,2,50,47,1
6182,2,50,48,1
6183,2,50,49,1
6184,2,50,50,0
6185,2,50,51,1
6186,2,50,53,1
6187,2,50,55,1
6188,2,50,57,1
6189,2,50,58,1
6190,2,50,59,1
6191,2,50,61,1
6192,2,50,62,1
6193,2,50,63,1
6194,2,50,64,1
6195,2,50,65,1
6196,2,50,66,1
6197,2,50,67,1
6198,2,50,68,1
6199,2,50,70,1
6200,2,50,71,1
6201,2,50,72,1
6202,2,50,73,1
6203,2,50,74,1
6204,2,50,75,1
6205,2,50,76,1
6206,2,50,77,1
6207,2,50,80,1
6208,2,50,81,1
6209,2,50,82,1
6210,2,50,84,1
6211,2,50,85,1
6212,2,50,86,1
6213,2,50,87,1
6214,2,50,89,1
6215,2,50,94,1
6216,2,50,95,1
6217,2,50,96,1
6218,2,50,98,1
6219,2,50,99,1
6220,2,50,100,1
6221,2,50,101,1
6222,2,50,102,1
6223,2,50,103,1
6224,2,50,104,1
6225,2,50,105,1
6226,2,50,106,1
6227,2,50,107,1
6228,2,50,108,1
6229,2,50,110,1
6230,2,50,112,1
6231,2,50,113,1
6232,2,50,114,1
6233,2,50,115,1
6234,2,50,116,1
6235,2,50,117,1
6236,2,50,119,1
6237,2,50,121,1
6238,2,50,122,1
6239,2,50,123,1
6240,2,50,124,1
6241,2,50,125,1
6242,2,50,127,1
6243,2,50,128,1
6244,2,50,130,1
6245,2,50,132,1
6246,2,50,134,1
6247,2,50,135,1
6248,2,50,137,1
6249,2,50,138,1
6250,2,50,139,1
6251,2,50,140,1
6252,2,50,141,1
6253,2,50,142,1
6254,2,50,143,1
6255,2,50,145,1
6256,2,50,146,1
6257,2,50,147,1
6258,2,50,150,1
6259,2,50,151,1
6260,2,50,152,1
6261,2,50,153,1
6262,2,50,154,1
6263,2,50,155,1
6264,2,50,156,1
6265,2,50,157,1
6266,2,50,159,1
6267,2,50,160,1
6268,2,50,162,1
6269,2,50,163,1
6270,2,50,165,1
6271,2,50,166,1
6272,2,50,167,1
6273,2,50,168,1
6274,2,50,169,1
6275,2,50,170,1
6276,2,50,171,1
6277,2,50,172,1
6278,2,50,173,1
6279,2,50,174,1
6280,2,50,175,1
6281,2,50,176,1
6282,2,50,177,1
6283,2,50,179,1
6284,2,50,180,1
6285,2,50,181,1
6286,2,50,182,1
6287,2,50,183,1
6288,2,50,184,1
6289,2,50,185,1
6290,2,50,186,1
6291,2,50,187,1
6292,2,50,188,1
6293,2,50,189,1
6294,2,50,190,1
6295,2,50,191,1
6296,2,50,193,1
6297,2,50,194,1
6298,2,50,195,1
6299,2,50,196,1
6300,2,50,197,1
6301,2,50,199,1
